submission-id,date,url,other-tags-on-image
1616,23/04/2018,/rails/active_storage/blobs/eyJfcmFpbHMiOnsibWVzc2FnZSI6IkJBaHBBaVVHIiwiZXhwIjpudWxsLCJwdXIiOiJibG9iX2lkIn19--8d9f63a46f17f7a7807d215ff67262d4088b71a5/mach1-23-4-2018.jpg,minimal
1617,23/04/2018,/rails/active_storage/blobs/eyJfcmFpbHMiOnsibWVzc2FnZSI6IkJBaHBBaVlHIiwiZXhwIjpudWxsLCJwdXIiOiJibG9iX2lkIn19--55d9f7a2eae42ce2c488d0369e87655f2c4b07fd/mach2-23-4-2018.jpg,a lot
1928,26/05/2018,/rails/active_storage/blobs/eyJfcmFpbHMiOnsibWVzc2FnZSI6IkJBaHBBbUFIIiwiZXhwIjpudWxsLCJwdXIiOiJibG9iX2lkIn19--e8381e6fa12b75a8a3b00749fd12abfe774a7081/animage.jpg,none
1929,25/05/2018,/rails/active_storage/blobs/eyJfcmFpbHMiOnsibWVzc2FnZSI6IkJBaHBBbUVIIiwiZXhwIjpudWxsLCJwdXIiOiJibG9iX2lkIn19--81de62c8db6709db0787975909a6aec5f110f8f2/animage.jpg,none
1936,18/05/2018,/rails/active_storage/blobs/eyJfcmFpbHMiOnsibWVzc2FnZSI6IkJBaHBBbWdIIiwiZXhwIjpudWxsLCJwdXIiOiJibG9iX2lkIn19--6dc54ad412a7ed92e246ba3681d4f754957cb86b/animage.jpg,none
1938,18/05/2018,/rails/active_storage/blobs/eyJfcmFpbHMiOnsibWVzc2FnZSI6IkJBaHBBbW9IIiwiZXhwIjpudWxsLCJwdXIiOiJibG9iX2lkIn19--27524b12542e23681706c3ee02a41db893a31e79/animage.jpg,none
1940,30/04/2018,/rails/active_storage/blobs/eyJfcmFpbHMiOnsibWVzc2FnZSI6IkJBaHBBbXdIIiwiZXhwIjpudWxsLCJwdXIiOiJibG9iX2lkIn19--ed6c887444d9ae6847aaa6aa613b491bdda42684/animage.jpg,minimal
1943,20/08/2017,/rails/active_storage/blobs/eyJfcmFpbHMiOnsibWVzc2FnZSI6IkJBaHBBbThIIiwiZXhwIjpudWxsLCJwdXIiOiJibG9iX2lkIn19--324aa24f6d4000d66e9e8bfe26c99a492dc2934f/animage.jpg,substantial
1947,17/08/2017,/rails/active_storage/blobs/eyJfcmFpbHMiOnsibWVzc2FnZSI6IkJBaHBBbk1IIiwiZXhwIjpudWxsLCJwdXIiOiJibG9iX2lkIn19--c0a6f820b43e41c701e77a9387da3935920f5a3e/animage.jpg,substantial
1949,15/08/2017,/rails/active_storage/blobs/eyJfcmFpbHMiOnsibWVzc2FnZSI6IkJBaHBBblVIIiwiZXhwIjpudWxsLCJwdXIiOiJibG9iX2lkIn19--37aea61fe7b5c7eda20043abe9900102acdba74a/animage.jpg,substantial
1950,15/08/2017,/rails/active_storage/blobs/eyJfcmFpbHMiOnsibWVzc2FnZSI6IkJBaHBBbllIIiwiZXhwIjpudWxsLCJwdXIiOiJibG9iX2lkIn19--6af729a6d2ea64f91bfc5fb22fba470e2ff046e4/animage.jpg,a lot
1951,13/08/2017,/rails/active_storage/blobs/eyJfcmFpbHMiOnsibWVzc2FnZSI6IkJBaHBBbmNIIiwiZXhwIjpudWxsLCJwdXIiOiJibG9iX2lkIn19--2e8ca296d9596b8e4ac796c0fbc999847949b272/animage.jpg,minimal
1952,12/08/2017,/rails/active_storage/blobs/eyJfcmFpbHMiOnsibWVzc2FnZSI6IkJBaHBBbmdIIiwiZXhwIjpudWxsLCJwdXIiOiJibG9iX2lkIn19--f52f54761ee15d7c970e7e4061f06f637f42263f/animage.jpg,minimal
1954,11/08/2017,/rails/active_storage/blobs/eyJfcmFpbHMiOnsibWVzc2FnZSI6IkJBaHBBbm9IIiwiZXhwIjpudWxsLCJwdXIiOiJibG9iX2lkIn19--cda78a1b12e6c50914e6fb566adc6ab17a587af9/animage.jpg,minimal
1956,05/08/2017,/rails/active_storage/blobs/eyJfcmFpbHMiOnsibWVzc2FnZSI6IkJBaHBBbndIIiwiZXhwIjpudWxsLCJwdXIiOiJibG9iX2lkIn19--4bea7ec117633abe7a6d98a19c567c1a6ffb553d/animage.jpg,a lot
1957,04/08/2017,/rails/active_storage/blobs/eyJfcmFpbHMiOnsibWVzc2FnZSI6IkJBaHBBbjBIIiwiZXhwIjpudWxsLCJwdXIiOiJibG9iX2lkIn19--fc22bb2e52c83cfa0130a4a9b4ad0a2ba8923c0e/animage.jpg,a lot
1971,16/07/2017,/rails/active_storage/blobs/eyJfcmFpbHMiOnsibWVzc2FnZSI6IkJBaHBBb3NIIiwiZXhwIjpudWxsLCJwdXIiOiJibG9iX2lkIn19--74e1e2c5be758d3c166d587a375f1fc8b06604b9/animage.jpg,minimal
1972,16/07/2017,/rails/active_storage/blobs/eyJfcmFpbHMiOnsibWVzc2FnZSI6IkJBaHBBb3dIIiwiZXhwIjpudWxsLCJwdXIiOiJibG9iX2lkIn19--687814b2ca6a1524d1747acb2fd166d51cc91b9b/animage.jpg,minimal
1977,14/07/2017,/rails/active_storage/blobs/eyJfcmFpbHMiOnsibWVzc2FnZSI6IkJBaHBBcEVIIiwiZXhwIjpudWxsLCJwdXIiOiJibG9iX2lkIn19--e15814abca52281bf6c220857bc05782710bee73/animage.jpg,none
1978,14/07/2017,/rails/active_storage/blobs/eyJfcmFpbHMiOnsibWVzc2FnZSI6IkJBaHBBcElIIiwiZXhwIjpudWxsLCJwdXIiOiJibG9iX2lkIn19--46dbbe3b4979065256131a8d36bbba2a9b559e3e/animage.jpg,none
1979,10/07/2017,/rails/active_storage/blobs/eyJfcmFpbHMiOnsibWVzc2FnZSI6IkJBaHBBcE1IIiwiZXhwIjpudWxsLCJwdXIiOiJibG9iX2lkIn19--dee572d3bdc6df719f6a9432fbc01f091b7e0d5e/animage.jpg,none
1982,06/07/2017,/rails/active_storage/blobs/eyJfcmFpbHMiOnsibWVzc2FnZSI6IkJBaHBBcFlIIiwiZXhwIjpudWxsLCJwdXIiOiJibG9iX2lkIn19--86e5a3f24d47816106454deabaf592087434c289/animage.jpg,none
1984,02/07/2017,/rails/active_storage/blobs/eyJfcmFpbHMiOnsibWVzc2FnZSI6IkJBaHBBcGdIIiwiZXhwIjpudWxsLCJwdXIiOiJibG9iX2lkIn19--826872fee30d9951a0f0f2c47f061f4915409040/animage.jpg,none
1986,28/06/2017,/rails/active_storage/blobs/eyJfcmFpbHMiOnsibWVzc2FnZSI6IkJBaHBBcG9IIiwiZXhwIjpudWxsLCJwdXIiOiJibG9iX2lkIn19--7a395870fc329f5faaa32472535402ba2b581a7e/animage.jpg,none
1987,28/06/2017,/rails/active_storage/blobs/eyJfcmFpbHMiOnsibWVzc2FnZSI6IkJBaHBBcHNIIiwiZXhwIjpudWxsLCJwdXIiOiJibG9iX2lkIn19--bc0a76b07162e10f8be85b8d7104b1af8f00967d/animage.jpg,
1988,25/06/2017,/rails/active_storage/blobs/eyJfcmFpbHMiOnsibWVzc2FnZSI6IkJBaHBBcHdIIiwiZXhwIjpudWxsLCJwdXIiOiJibG9iX2lkIn19--48d13de9ee060efa7755da2b7721e7360b42d3a7/animage.jpg,minimal
1991,21/06/2017,/rails/active_storage/blobs/eyJfcmFpbHMiOnsibWVzc2FnZSI6IkJBaHBBcDhIIiwiZXhwIjpudWxsLCJwdXIiOiJibG9iX2lkIn19--96ea0f13b2b4c9cca56579c11e98a2d5718f0660/animage.jpg,none
1994,28/04/2018,/rails/active_storage/blobs/eyJfcmFpbHMiOnsibWVzc2FnZSI6IkJBaHBBcUlIIiwiZXhwIjpudWxsLCJwdXIiOiJibG9iX2lkIn19--b8aa100e6ec63867120fba2c8921822f3af30c6a/animage.jpg,a lot
1998,24/04/2018,/rails/active_storage/blobs/eyJfcmFpbHMiOnsibWVzc2FnZSI6IkJBaHBBcVlIIiwiZXhwIjpudWxsLCJwdXIiOiJibG9iX2lkIn19--0bd65eb890e9732ecc9674f990c480988b3d56cb/animage.jpg,substantial
2000,16/04/2018,/rails/active_storage/blobs/eyJfcmFpbHMiOnsibWVzc2FnZSI6IkJBaHBBcWdIIiwiZXhwIjpudWxsLCJwdXIiOiJibG9iX2lkIn19--7a8342ac6c2aa623740a8af807db5c4270123ee5/animage.jpg,substantial
2001,16/04/2018,/rails/active_storage/blobs/eyJfcmFpbHMiOnsibWVzc2FnZSI6IkJBaHBBcWtIIiwiZXhwIjpudWxsLCJwdXIiOiJibG9iX2lkIn19--600e9d9cc25cb8c85f84af38c52bf9e4a15d578c/animage.jpg,substantial
2003,13/04/2018,/rails/active_storage/blobs/eyJfcmFpbHMiOnsibWVzc2FnZSI6IkJBaHBBcXNIIiwiZXhwIjpudWxsLCJwdXIiOiJibG9iX2lkIn19--0524edd568d5661ae51ad18a9f3ce79dd7ceb4a0/animage.jpg,extensive
2004,06/04/2018,/rails/active_storage/blobs/eyJfcmFpbHMiOnsibWVzc2FnZSI6IkJBaHBBcXdIIiwiZXhwIjpudWxsLCJwdXIiOiJibG9iX2lkIn19--06f7073bf1c4092bc56db1044cd7dea30ee20676/animage.jpg,extensive
2005,05/04/2018,/rails/active_storage/blobs/eyJfcmFpbHMiOnsibWVzc2FnZSI6IkJBaHBBcTBIIiwiZXhwIjpudWxsLCJwdXIiOiJibG9iX2lkIn19--74d08c14be775488d904d4bae76a13c74be278af/animage.jpg,extensive
2006,04/04/2018,/rails/active_storage/blobs/eyJfcmFpbHMiOnsibWVzc2FnZSI6IkJBaHBBcTRIIiwiZXhwIjpudWxsLCJwdXIiOiJibG9iX2lkIn19--12f580364bbedace247855f9f0913e4a2e7ccc01/animage.jpg,extensive
2010,03/04/2018,/rails/active_storage/blobs/eyJfcmFpbHMiOnsibWVzc2FnZSI6IkJBaHBBcklIIiwiZXhwIjpudWxsLCJwdXIiOiJibG9iX2lkIn19--632d08f608db35f1fd0bc4ecc6b22289ca2a282e/animage.jpg,extensive
2012,01/04/2018,/rails/active_storage/blobs/eyJfcmFpbHMiOnsibWVzc2FnZSI6IkJBaHBBclFIIiwiZXhwIjpudWxsLCJwdXIiOiJibG9iX2lkIn19--44b2a765ee8561f6734e4b461be1dd76116a8af7/animage.jpg,a lot
2024,18/02/2018,/rails/active_storage/blobs/eyJfcmFpbHMiOnsibWVzc2FnZSI6IkJBaHBBc0FIIiwiZXhwIjpudWxsLCJwdXIiOiJibG9iX2lkIn19--959ac46dd08ddb9f2da52a5a763ebc442d3b3a3a/animage.jpg,extensive
2025,18/02/2018,/rails/active_storage/blobs/eyJfcmFpbHMiOnsibWVzc2FnZSI6IkJBaHBBc0VIIiwiZXhwIjpudWxsLCJwdXIiOiJibG9iX2lkIn19--8d43c7bfb156af7301235b0250ec299a3f28fac1/animage.jpg,extensive
2026,17/02/2018,/rails/active_storage/blobs/eyJfcmFpbHMiOnsibWVzc2FnZSI6IkJBaHBBc0lIIiwiZXhwIjpudWxsLCJwdXIiOiJibG9iX2lkIn19--f5dc7b97b6a33f972355627f2cf4e8563f39a3b9/animage.jpg,substantial
2027,17/02/2018,/rails/active_storage/blobs/eyJfcmFpbHMiOnsibWVzc2FnZSI6IkJBaHBBc01IIiwiZXhwIjpudWxsLCJwdXIiOiJibG9iX2lkIn19--a8f40d70f5d191334455712952e63f849e42e688/animage.jpg,substantial
2028,17/02/2018,/rails/active_storage/blobs/eyJfcmFpbHMiOnsibWVzc2FnZSI6IkJBaHBBc1FIIiwiZXhwIjpudWxsLCJwdXIiOiJibG9iX2lkIn19--80ea764b7e773e7c3a00eda1d439ca27a644016b/animage.jpg,substantial
2038,02/01/2018,/rails/active_storage/blobs/eyJfcmFpbHMiOnsibWVzc2FnZSI6IkJBaHBBczRIIiwiZXhwIjpudWxsLCJwdXIiOiJibG9iX2lkIn19--0fef265e916b26576dad7687c69c45568bb1f379/animage.jpg,extensive
2044,05/11/2017,/rails/active_storage/blobs/eyJfcmFpbHMiOnsibWVzc2FnZSI6IkJBaHBBdFFIIiwiZXhwIjpudWxsLCJwdXIiOiJibG9iX2lkIn19--f88f79166b820500324bfc71b1101cf40ee83a14/animage.jpg,substantial
2053,14/10/2017,/rails/active_storage/blobs/eyJfcmFpbHMiOnsibWVzc2FnZSI6IkJBaHBBdDBIIiwiZXhwIjpudWxsLCJwdXIiOiJibG9iX2lkIn19--3b54f8fdf05a1b7e41fc507fb900da2915b671ad/animage.jpg,substantial
2058,10/10/2017,/rails/active_storage/blobs/eyJfcmFpbHMiOnsibWVzc2FnZSI6IkJBaHBBdUlIIiwiZXhwIjpudWxsLCJwdXIiOiJibG9iX2lkIn19--191d9f844233a3d996e32e77e924e9318e9f8c0d/animage.jpg,substantial
2066,07/10/2017,/rails/active_storage/blobs/eyJfcmFpbHMiOnsibWVzc2FnZSI6IkJBaHBBdW9IIiwiZXhwIjpudWxsLCJwdXIiOiJibG9iX2lkIn19--e8e174d2e441992afd098f736da300a8c986ffea/animage.jpg,substantial
2072,26/09/2017,/rails/active_storage/blobs/eyJfcmFpbHMiOnsibWVzc2FnZSI6IkJBaHBBdkFIIiwiZXhwIjpudWxsLCJwdXIiOiJibG9iX2lkIn19--26ec520e3f6df4688c0b692242ef6bea1420e5d7/animage.jpg,a lot
2074,23/09/2017,/rails/active_storage/blobs/eyJfcmFpbHMiOnsibWVzc2FnZSI6IkJBaHBBdklIIiwiZXhwIjpudWxsLCJwdXIiOiJibG9iX2lkIn19--6fd537c21c1036afc371a649e829acb6de0c1a74/animage.jpg,a lot
2076,18/09/2017,/rails/active_storage/blobs/eyJfcmFpbHMiOnsibWVzc2FnZSI6IkJBaHBBdlFIIiwiZXhwIjpudWxsLCJwdXIiOiJibG9iX2lkIn19--aec7b4e3e95e404fa643d39c455a45f158d00710/animage.jpg,substantial
2077,18/09/2017,/rails/active_storage/blobs/eyJfcmFpbHMiOnsibWVzc2FnZSI6IkJBaHBBdlVIIiwiZXhwIjpudWxsLCJwdXIiOiJibG9iX2lkIn19--06994c1f66529270b9978adb07845c1e7209e7f1/animage.jpg,minimal
2080,17/09/2017,/rails/active_storage/blobs/eyJfcmFpbHMiOnsibWVzc2FnZSI6IkJBaHBBdmdIIiwiZXhwIjpudWxsLCJwdXIiOiJibG9iX2lkIn19--e6e3438fc6f6183894945ea95778d8c0e78a7f55/animage.jpg,a lot
2081,17/09/2017,/rails/active_storage/blobs/eyJfcmFpbHMiOnsibWVzc2FnZSI6IkJBaHBBdmtIIiwiZXhwIjpudWxsLCJwdXIiOiJibG9iX2lkIn19--29fc1ede4987f1e6e9a2ebdf3e2f1af1108f45f8/animage.jpg,a lot
2082,17/09/2017,/rails/active_storage/blobs/eyJfcmFpbHMiOnsibWVzc2FnZSI6IkJBaHBBdm9IIiwiZXhwIjpudWxsLCJwdXIiOiJibG9iX2lkIn19--19e145d27574208322086bab27519bc8965fda66/animage.jpg,a lot
2088,30/08/2017,/rails/active_storage/blobs/eyJfcmFpbHMiOnsibWVzc2FnZSI6IkJBaHBBZ0FJIiwiZXhwIjpudWxsLCJwdXIiOiJibG9iX2lkIn19--91ceb15be6308d46eefd403904057e07226e7c9a/animage.jpg,minimal
2090,29/08/2017,/rails/active_storage/blobs/eyJfcmFpbHMiOnsibWVzc2FnZSI6IkJBaHBBZ0lJIiwiZXhwIjpudWxsLCJwdXIiOiJibG9iX2lkIn19--ed19b5cb3b4645549fe3decbca585ab50fdfe2db/animage.jpg,substantial
2093,29/08/2017,/rails/active_storage/blobs/eyJfcmFpbHMiOnsibWVzc2FnZSI6IkJBaHBBZ1VJIiwiZXhwIjpudWxsLCJwdXIiOiJibG9iX2lkIn19--ec4b56e119814ba8cd3f1f93f8fa37b86c377862/animage.jpg,a lot
2094,27/08/2017,/rails/active_storage/blobs/eyJfcmFpbHMiOnsibWVzc2FnZSI6IkJBaHBBZ1lJIiwiZXhwIjpudWxsLCJwdXIiOiJibG9iX2lkIn19--a8c285dea747bbc31410e4ea5bb2958d3f0110ec/animage.jpg,a lot
3286,01/05/2018,/rails/active_storage/blobs/eyJfcmFpbHMiOnsibWVzc2FnZSI6IkJBaHBBcTRNIiwiZXhwIjpudWxsLCJwdXIiOiJibG9iX2lkIn19--8c0cbe1ae218724ea13f2ec6ccf132ef2706345c/animage.jpg,minimal
3299,25/01/2018,/rails/active_storage/blobs/eyJfcmFpbHMiOnsibWVzc2FnZSI6IkJBaHBBcndNIiwiZXhwIjpudWxsLCJwdXIiOiJibG9iX2lkIn19--71469e188bee4dfb7b7be4e2cb3687cfdcb6f19b/animage.jpg,substantial
3301,17/05/2018,/rails/active_storage/blobs/eyJfcmFpbHMiOnsibWVzc2FnZSI6IkJBaHBBcjRNIiwiZXhwIjpudWxsLCJwdXIiOiJibG9iX2lkIn19--b4f35b270356f8cd65fa369db5a8dd54106eb7f0/animage.jpg,minimal
3303,17/05/2018,/rails/active_storage/blobs/eyJfcmFpbHMiOnsibWVzc2FnZSI6IkJBaHBBc0FNIiwiZXhwIjpudWxsLCJwdXIiOiJibG9iX2lkIn19--59a3dff8dd96ad82e7366dafff2ce5fa39db1ca4/animage.jpg,minimal
3326,13/10/2017,/rails/active_storage/blobs/eyJfcmFpbHMiOnsibWVzc2FnZSI6IkJBaHBBdFlNIiwiZXhwIjpudWxsLCJwdXIiOiJibG9iX2lkIn19--b63324ebc5596cb57c5deb2e32f22bf01ff0a55b/animage.jpg,substantial
3334,25/01/2018,/rails/active_storage/blobs/eyJfcmFpbHMiOnsibWVzc2FnZSI6IkJBaHBBdDRNIiwiZXhwIjpudWxsLCJwdXIiOiJibG9iX2lkIn19--9c68ded88732ad0d1c03dd7c02af60d9b69cecd2/animage.jpg,substantial
3336,22/09/2017,/rails/active_storage/blobs/eyJfcmFpbHMiOnsibWVzc2FnZSI6IkJBaHBBdUFNIiwiZXhwIjpudWxsLCJwdXIiOiJibG9iX2lkIn19--20a4fed2977b82fc43b1570c3990751cf093b958/animage.jpg,a lot
3381,31/03/2018,/rails/active_storage/blobs/eyJfcmFpbHMiOnsibWVzc2FnZSI6IkJBaHBBZzBOIiwiZXhwIjpudWxsLCJwdXIiOiJibG9iX2lkIn19--58bfd56438e9bd049a37e052a81840f9b87d663c/animage.jpg,substantial
3400,23/09/2017,/rails/active_storage/blobs/eyJfcmFpbHMiOnsibWVzc2FnZSI6IkJBaHBBaUFOIiwiZXhwIjpudWxsLCJwdXIiOiJibG9iX2lkIn19--4cd13a3c16998abf75afaf5cbb47478bec97d7f5/animage.jpg,substantial
3402,23/09/2017,/rails/active_storage/blobs/eyJfcmFpbHMiOnsibWVzc2FnZSI6IkJBaHBBaUlOIiwiZXhwIjpudWxsLCJwdXIiOiJibG9iX2lkIn19--82b31130d60d7491457f0165e6c187ecaf85fc9e/animage.jpg,substantial
3421,12/03/2018,/rails/active_storage/blobs/eyJfcmFpbHMiOnsibWVzc2FnZSI6IkJBaHBBallOIiwiZXhwIjpudWxsLCJwdXIiOiJibG9iX2lkIn19--95622399f5b58e6d433420ab5fe6272a3fecc763/animage.jpg,none
3423,12/03/2018,/rails/active_storage/blobs/eyJfcmFpbHMiOnsibWVzc2FnZSI6IkJBaHBBamdOIiwiZXhwIjpudWxsLCJwdXIiOiJibG9iX2lkIn19--484dc2403491ff1da234a798e71318cb08a66806/animage.jpg,substantial
3426,12/03/2018,/rails/active_storage/blobs/eyJfcmFpbHMiOnsibWVzc2FnZSI6IkJBaHBBam9OIiwiZXhwIjpudWxsLCJwdXIiOiJibG9iX2lkIn19--c2aea9683bb4ba78020fd639abce9a704b6cfa45/animage.jpg,extensive
3427,12/03/2018,/rails/active_storage/blobs/eyJfcmFpbHMiOnsibWVzc2FnZSI6IkJBaHBBandOIiwiZXhwIjpudWxsLCJwdXIiOiJibG9iX2lkIn19--0368269ca2c53297588a60b7eb2f9aa59fb49c36/animage.jpg,extensive
3444,12/02/2018,/rails/active_storage/blobs/eyJfcmFpbHMiOnsibWVzc2FnZSI6IkJBaHBBa3dOIiwiZXhwIjpudWxsLCJwdXIiOiJibG9iX2lkIn19--234011394137f78faebecccc4d0a516ae7eba9c9/animage.jpg,extensive
3474,31/08/2017,/rails/active_storage/blobs/eyJfcmFpbHMiOnsibWVzc2FnZSI6IkJBaHBBbW9OIiwiZXhwIjpudWxsLCJwdXIiOiJibG9iX2lkIn19--c986f8edac971b1e8a8c03b8160b6d82a2a1d50b/animage.jpg,substantial
3478,17/08/2017,/rails/active_storage/blobs/eyJfcmFpbHMiOnsibWVzc2FnZSI6IkJBaHBBbTROIiwiZXhwIjpudWxsLCJwdXIiOiJibG9iX2lkIn19--be86e72e6d85b2e0b74029957ba14fde0d0be80d/animage.jpg,substantial
3482,13/08/2017,/rails/active_storage/blobs/eyJfcmFpbHMiOnsibWVzc2FnZSI6IkJBaHBBbklOIiwiZXhwIjpudWxsLCJwdXIiOiJibG9iX2lkIn19--284d5d983daa696fc9ba38b3602a3bcf504ec99a/animage.jpg,none
3485,05/09/2017,/rails/active_storage/blobs/eyJfcmFpbHMiOnsibWVzc2FnZSI6IkJBaHBBbllOIiwiZXhwIjpudWxsLCJwdXIiOiJibG9iX2lkIn19--59070c2db44e39321cbda49f05a9c711f0b8f39f/animage.jpg,substantial
3516,26/08/2017,/rails/active_storage/blobs/eyJfcmFpbHMiOnsibWVzc2FnZSI6IkJBaHBBcFFOIiwiZXhwIjpudWxsLCJwdXIiOiJibG9iX2lkIn19--5603df7a75ebe5360e539f0801dc63ff8261e7a7/animage.jpg,a lot
3553,01/08/2017,/rails/active_storage/blobs/eyJfcmFpbHMiOnsibWVzc2FnZSI6IkJBaHBBcm9OIiwiZXhwIjpudWxsLCJwdXIiOiJibG9iX2lkIn19--75e0af1279580a3390f9f9d8cf7b764dc63064f1/animage.jpg,substantial
3590,13/07/2017,/rails/active_storage/blobs/eyJfcmFpbHMiOnsibWVzc2FnZSI6IkJBaHBBdDROIiwiZXhwIjpudWxsLCJwdXIiOiJibG9iX2lkIn19--8e446188e399c5ffcd2b1bc2ea8eff39ebf9550c/animage.jpg,none
3595,10/08/2017,/rails/active_storage/blobs/eyJfcmFpbHMiOnsibWVzc2FnZSI6IkJBaHBBdVFOIiwiZXhwIjpudWxsLCJwdXIiOiJibG9iX2lkIn19--328c23c8dd82f36944a571fea247a47e1abcd166/animage.jpg,minimal
3597,09/07/2017,/rails/active_storage/blobs/eyJfcmFpbHMiOnsibWVzc2FnZSI6IkJBaHBBdVlOIiwiZXhwIjpudWxsLCJwdXIiOiJibG9iX2lkIn19--f20fca7c86b60bc69527530207cad5001cb23a92/animage.jpg,none
3603,09/08/2017,/rails/active_storage/blobs/eyJfcmFpbHMiOnsibWVzc2FnZSI6IkJBaHBBdXdOIiwiZXhwIjpudWxsLCJwdXIiOiJibG9iX2lkIn19--a7e9e591425c9e6f59e552f2d52a6be217743b8e/animage.jpg,
3610,10/08/2017,/rails/active_storage/blobs/eyJfcmFpbHMiOnsibWVzc2FnZSI6IkJBaHBBdklOIiwiZXhwIjpudWxsLCJwdXIiOiJibG9iX2lkIn19--ff6af38fde25403ee53435f87c81f75db1a98f51/animage.jpg,a lot
3643,08/06/2017,/rails/active_storage/blobs/eyJfcmFpbHMiOnsibWVzc2FnZSI6IkJBaHBBaFFPIiwiZXhwIjpudWxsLCJwdXIiOiJibG9iX2lkIn19--f43ce66e71fabbad9b06181523613fe262ab77f7/animage.jpg,extensive
3883,14/09/2019,/rails/active_storage/blobs/eyJfcmFpbHMiOnsibWVzc2FnZSI6IkJBaHBBZ01QIiwiZXhwIjpudWxsLCJwdXIiOiJibG9iX2lkIn19--c5e28c2a71cb2b018629d2548ef1a14a85f858e8/animage.jpg,a lot
3884,14/09/2019,/rails/active_storage/blobs/eyJfcmFpbHMiOnsibWVzc2FnZSI6IkJBaHBBZ1FQIiwiZXhwIjpudWxsLCJwdXIiOiJibG9iX2lkIn19--51e62c81eb22a1ef814602484a0917a0e891a5f8/animage.jpg,a lot
3885,14/09/2019,/rails/active_storage/blobs/eyJfcmFpbHMiOnsibWVzc2FnZSI6IkJBaHBBZ1VQIiwiZXhwIjpudWxsLCJwdXIiOiJibG9iX2lkIn19--4773db43fdfafb07fcdc9c8a1561301e8852e9db/animage.jpg,minimal
3910,13/09/2019,/rails/active_storage/blobs/eyJfcmFpbHMiOnsibWVzc2FnZSI6IkJBaHBBaUFQIiwiZXhwIjpudWxsLCJwdXIiOiJibG9iX2lkIn19--28214dafd9e922201e7cf8fae9c7d070a27364a2/WhatsApp%20Image%202019-09-13%20at%2013.51.47.jpeg,a lot
3911,13/09/2019,/rails/active_storage/blobs/eyJfcmFpbHMiOnsibWVzc2FnZSI6IkJBaHBBaUVQIiwiZXhwIjpudWxsLCJwdXIiOiJibG9iX2lkIn19--5de71300223fd59609f2bbaaaac9f82993b1a7a6/WhatsApp%20Image%202019-09-13%20at%2018.03.13.jpeg,a lot
3916,14/09/2019,/rails/active_storage/blobs/eyJfcmFpbHMiOnsibWVzc2FnZSI6IkJBaHBBaVlQIiwiZXhwIjpudWxsLCJwdXIiOiJibG9iX2lkIn19--a31d0c700e4567e3c4591b66c2e5555ffbd97055/WhatsApp%20Image%202019-09-14%20at%2015.45.07.jpeg,minimal
3924,16/09/2019,/rails/active_storage/blobs/eyJfcmFpbHMiOnsibWVzc2FnZSI6IkJBaHBBaTRQIiwiZXhwIjpudWxsLCJwdXIiOiJibG9iX2lkIn19--8cb82671916866a8297a1f006e5cda6f4f2571b5/WhatsApp%20Image%202019-09-16%20at%2013.20.51.jpeg,minimal
3927,16/09/2019,/rails/active_storage/blobs/eyJfcmFpbHMiOnsibWVzc2FnZSI6IkJBaHBBakVQIiwiZXhwIjpudWxsLCJwdXIiOiJibG9iX2lkIn19--c3e277f2177c285ec896c305cac703ac5b08e791/WhatsApp%20Image%202019-09-16%20at%2013.31.02.jpeg,minimal
3936,17/09/2019,/rails/active_storage/blobs/eyJfcmFpbHMiOnsibWVzc2FnZSI6IkJBaHBBam9QIiwiZXhwIjpudWxsLCJwdXIiOiJibG9iX2lkIn19--4e9915d010484ea94d9fb5ebc51ac0f7dd9fdc8b/animage.jpg,minimal
3957,28/09/2019,/rails/active_storage/blobs/eyJfcmFpbHMiOnsibWVzc2FnZSI6IkJBaHBBazhQIiwiZXhwIjpudWxsLCJwdXIiOiJibG9iX2lkIn19--eceead86cc5c5b125a31ecfd73ff112443b1f587/animage.jpg,substantial
3958,29/09/2019,/rails/active_storage/blobs/eyJfcmFpbHMiOnsibWVzc2FnZSI6IkJBaHBBbEFQIiwiZXhwIjpudWxsLCJwdXIiOiJibG9iX2lkIn19--db5dc19629eeed4939aad1413479934e9577d838/animage.jpg,substantial
3976,22/09/2019,/rails/active_storage/blobs/eyJfcmFpbHMiOnsibWVzc2FnZSI6IkJBaHBBbUlQIiwiZXhwIjpudWxsLCJwdXIiOiJibG9iX2lkIn19--1f71feb195049fee8bac05853acb15b083086871/animage.jpg,a lot
3977,25/09/2019,/rails/active_storage/blobs/eyJfcmFpbHMiOnsibWVzc2FnZSI6IkJBaHBBbU1QIiwiZXhwIjpudWxsLCJwdXIiOiJibG9iX2lkIn19--414d4549dc5992b0d030904a9bcba9dc74215a59/animage.jpg,minimal
4069,21/09/2019,/rails/active_storage/blobs/eyJfcmFpbHMiOnsibWVzc2FnZSI6IkJBaHBBcjhQIiwiZXhwIjpudWxsLCJwdXIiOiJibG9iX2lkIn19--8eafa09320b47fd8a845b1a946a7c0dcfc506fda/animage.jpg,none
4101,29/09/2019,/rails/active_storage/blobs/eyJfcmFpbHMiOnsibWVzc2FnZSI6IkJBaHBBdDhQIiwiZXhwIjpudWxsLCJwdXIiOiJibG9iX2lkIn19--23433eb7be3ce5d75f5c456b7f52b3874859b2e8/animage.jpg,substantial
4118,24/09/2019,/rails/active_storage/blobs/eyJfcmFpbHMiOnsibWVzc2FnZSI6IkJBaHBBdkFQIiwiZXhwIjpudWxsLCJwdXIiOiJibG9iX2lkIn19--ea9f0b05d7a4efbc5a8eea9e2f053d9db9abded7/P1020903.JPG,none
4121,25/09/2019,/rails/active_storage/blobs/eyJfcmFpbHMiOnsibWVzc2FnZSI6IkJBaHBBdk1QIiwiZXhwIjpudWxsLCJwdXIiOiJibG9iX2lkIn19--95967a11d8ed9734c6bb2e56cc41e77875c94746/20190925_152606.jpg,minimal
4140,28/09/2019,/rails/active_storage/blobs/eyJfcmFpbHMiOnsibWVzc2FnZSI6IkJBaHBBZ1lRIiwiZXhwIjpudWxsLCJwdXIiOiJibG9iX2lkIn19--3c2c3bd7480062df913e432d58ea25e1d80acc5a/image1%20(2).jpeg,minimal
4142,28/09/2019,/rails/active_storage/blobs/eyJfcmFpbHMiOnsibWVzc2FnZSI6IkJBaHBBZ2dRIiwiZXhwIjpudWxsLCJwdXIiOiJibG9iX2lkIn19--ca29678984e6e4b257ec2344a039a38308df2eb9/IMG_20190928_163248.jpg,substantial
4155,03/10/2019,/rails/active_storage/blobs/eyJfcmFpbHMiOnsibWVzc2FnZSI6IkJBaHBBaFVRIiwiZXhwIjpudWxsLCJwdXIiOiJibG9iX2lkIn19--dcba415489bbd17ecd13dcc9dc77b931c91f2481/WhatsApp%20Image%202019-10-03%20at%2011.50.32.jpeg,a lot
4158,30/09/2019,/rails/active_storage/blobs/eyJfcmFpbHMiOnsibWVzc2FnZSI6IkJBaHBBaGdRIiwiZXhwIjpudWxsLCJwdXIiOiJibG9iX2lkIn19--73ebae00527f0055b981fe39e348473ba6e1c0d9/WhatsApp%20Image%202019-09-30%20at%2017.33.40.jpeg,substantial
4165,28/09/2019,/rails/active_storage/blobs/eyJfcmFpbHMiOnsibWVzc2FnZSI6IkJBaHBBaDhRIiwiZXhwIjpudWxsLCJwdXIiOiJibG9iX2lkIn19--654470fd21c3a229c09d3b19b88647e0c5e2922b/WhatsApp%20Image%202019-09-28%20at%2014.19.32.jpeg,substantial
4167,27/09/2019,/rails/active_storage/blobs/eyJfcmFpbHMiOnsibWVzc2FnZSI6IkJBaHBBaUVRIiwiZXhwIjpudWxsLCJwdXIiOiJibG9iX2lkIn19--dcf45f8f32dc3b1d36390c5fb880952ba415e453/WhatsApp%20Image%202019-09-27%20at%2014.16.05.jpeg,extensive
4175,26/09/2019,/rails/active_storage/blobs/eyJfcmFpbHMiOnsibWVzc2FnZSI6IkJBaHBBaWtRIiwiZXhwIjpudWxsLCJwdXIiOiJibG9iX2lkIn19--c39cd759493a75531360fa31b65ca43537404507/WhatsApp%20Image%202019-09-26%20at%2014.11.12.jpeg,substantial
4179,26/09/2019,/rails/active_storage/blobs/eyJfcmFpbHMiOnsibWVzc2FnZSI6IkJBaHBBaTBRIiwiZXhwIjpudWxsLCJwdXIiOiJibG9iX2lkIn19--f0517e98aadcf5d409528a82a4047fea6a002ca1/WhatsApp%20Image%202019-09-26%20at%2014.11.29.jpeg,substantial
4180,26/09/2019,/rails/active_storage/blobs/eyJfcmFpbHMiOnsibWVzc2FnZSI6IkJBaHBBaTRRIiwiZXhwIjpudWxsLCJwdXIiOiJibG9iX2lkIn19--4ceabeba0395702e06fe465bd69cdf5bd2465044/WhatsApp%20Image%202019-09-26%20at%2014.11.31.jpeg,a lot
4182,26/09/2019,/rails/active_storage/blobs/eyJfcmFpbHMiOnsibWVzc2FnZSI6IkJBaHBBakFRIiwiZXhwIjpudWxsLCJwdXIiOiJibG9iX2lkIn19--ef90320d8c8dd459ffc0bba53a39a5e716885328/WhatsApp%20Image%202019-09-26%20at%2014.11.13.jpeg,substantial
4184,24/09/2019,/rails/active_storage/blobs/eyJfcmFpbHMiOnsibWVzc2FnZSI6IkJBaHBBaklRIiwiZXhwIjpudWxsLCJwdXIiOiJibG9iX2lkIn19--6223a7feec05fa46e6a5c506cd55f7d59a8d21e4/WhatsApp%20Image%202019-09-26%20at%2014.11.13.jpeg,a lot
4189,23/09/2019,/rails/active_storage/blobs/eyJfcmFpbHMiOnsibWVzc2FnZSI6IkJBaHBBamNRIiwiZXhwIjpudWxsLCJwdXIiOiJibG9iX2lkIn19--5b1673e112795afe0a7fa4923f1330585f6ebb1f/WhatsApp%20Image%202019-09-23%20at%2016.58.55.jpeg,none
4191,22/09/2019,/rails/active_storage/blobs/eyJfcmFpbHMiOnsibWVzc2FnZSI6IkJBaHBBamtRIiwiZXhwIjpudWxsLCJwdXIiOiJibG9iX2lkIn19--d4f9f2e9e23ddc321b91f0f136beed0a7bae23be/WhatsApp%20Image%202019-09-22%20at%2012.45.14.jpeg,minimal
4193,20/09/2019,/rails/active_storage/blobs/eyJfcmFpbHMiOnsibWVzc2FnZSI6IkJBaHBBanNRIiwiZXhwIjpudWxsLCJwdXIiOiJibG9iX2lkIn19--9fb1ce4d61cb06c0633819fba3a8f1ea0f6a5803/WhatsApp%20Image%202019-09-20%20at%2011.53.05.jpeg,none
4203,16/09/2019,/rails/active_storage/blobs/eyJfcmFpbHMiOnsibWVzc2FnZSI6IkJBaHBBa1VRIiwiZXhwIjpudWxsLCJwdXIiOiJibG9iX2lkIn19--8b090112bbf5956fc0c8cd370c2532331f48d726/WhatsApp%20Image%202019-10-03%20at%2012.17.56.jpeg,minimal
4391,06/10/2019,/rails/active_storage/blobs/eyJfcmFpbHMiOnsibWVzc2FnZSI6IkJBaHBBZ0VSIiwiZXhwIjpudWxsLCJwdXIiOiJibG9iX2lkIn19--e03f636320c92a93c35199aa83b8c23598dcd84b/animage.jpg,extensive
4422,02/10/2019,/rails/active_storage/blobs/eyJfcmFpbHMiOnsibWVzc2FnZSI6IkJBaHBBaUFSIiwiZXhwIjpudWxsLCJwdXIiOiJibG9iX2lkIn19--7a38261b2fc9e6ca945eb915f4d3dec8e49479a8/IMG_1028.JPG,a lot
4425,02/09/2019,/rails/active_storage/blobs/eyJfcmFpbHMiOnsibWVzc2FnZSI6IkJBaHBBaU1SIiwiZXhwIjpudWxsLCJwdXIiOiJibG9iX2lkIn19--0ec0cb406f1d36f2a7e13aa3dfe082f200f9593b/IMG_0471.jpg,minimal
4431,04/10/2019,/rails/active_storage/blobs/eyJfcmFpbHMiOnsibWVzc2FnZSI6IkJBaHBBaWtSIiwiZXhwIjpudWxsLCJwdXIiOiJibG9iX2lkIn19--c434d1dbf8ab5e90f54ab6fed12336284bedd8c8/IMG_0375.jpg,a lot
4432,04/10/2019,/rails/active_storage/blobs/eyJfcmFpbHMiOnsibWVzc2FnZSI6IkJBaHBBaW9SIiwiZXhwIjpudWxsLCJwdXIiOiJibG9iX2lkIn19--ff5937efccba34021c03cab09303d1f06e60cd44/IMG_0376.jpg,a lot
4433,30/09/2019,/rails/active_storage/blobs/eyJfcmFpbHMiOnsibWVzc2FnZSI6IkJBaHBBaXNSIiwiZXhwIjpudWxsLCJwdXIiOiJibG9iX2lkIn19--436410578f7fe63ea119c584742019ed8a9de723/IMG_4871.jpeg,substantial
4440,07/10/2019,/rails/active_storage/blobs/eyJfcmFpbHMiOnsibWVzc2FnZSI6IkJBaHBBaklSIiwiZXhwIjpudWxsLCJwdXIiOiJibG9iX2lkIn19--b2fd2f2c622825a74a05087b4ef7cb160c1a567e/2019_0928Arran0044.JPG,substantial
4445,04/10/2019,/rails/active_storage/blobs/eyJfcmFpbHMiOnsibWVzc2FnZSI6IkJBaHBBamNSIiwiZXhwIjpudWxsLCJwdXIiOiJibG9iX2lkIn19--076c2d9acd121180daa8a39084141f4e52d68ef2/WhatsApp%20Image%202019-10-04%20at%2017.10.35.jpeg,a lot
4461,05/10/2019,/rails/active_storage/blobs/eyJfcmFpbHMiOnsibWVzc2FnZSI6IkJBaHBBa2NSIiwiZXhwIjpudWxsLCJwdXIiOiJibG9iX2lkIn19--51edffe3430f50c5414f3c7e3bd2cf9567fd21ff/WhatsApp%20Image%202019-10-05%20at%2016.45.12.jpeg,a lot
4503,12/10/2019,/rails/active_storage/blobs/eyJfcmFpbHMiOnsibWVzc2FnZSI6IkJBaHBBbkVSIiwiZXhwIjpudWxsLCJwdXIiOiJibG9iX2lkIn19--e6d477297a9431af4a2f948106b7c44d3989bafa/animage.jpg,substantial
4571,10/10/2019,/rails/active_storage/blobs/eyJfcmFpbHMiOnsibWVzc2FnZSI6IkJBaHBBclVSIiwiZXhwIjpudWxsLCJwdXIiOiJibG9iX2lkIn19--f719525c2c54a7030d46d7e8d5878bc3d1e78520/WhatsApp%20Image%202019-10-10%20at%2020.25.21.jpeg,extensive
4573,12/10/2019,/rails/active_storage/blobs/eyJfcmFpbHMiOnsibWVzc2FnZSI6IkJBaHBBcmNSIiwiZXhwIjpudWxsLCJwdXIiOiJibG9iX2lkIn19--b2acafaae61fae750c2d377939e0c16baa620aed/WhatsApp%20Image%202019-10-12%20at%2015.01.17.jpeg,substantial
4645,18/10/2019,/rails/active_storage/blobs/eyJfcmFpbHMiOnsibWVzc2FnZSI6IkJBaHBBdjhSIiwiZXhwIjpudWxsLCJwdXIiOiJibG9iX2lkIn19--8e5f84e08345513ff90cb65c0f14dd535a1fc6c8/animage.jpg,substantial
4647,19/10/2019,/rails/active_storage/blobs/eyJfcmFpbHMiOnsibWVzc2FnZSI6IkJBaHBBZ0VTIiwiZXhwIjpudWxsLCJwdXIiOiJibG9iX2lkIn19--2d49c4d6a6416732ce54deba4397ef87ccf32e1d/animage.jpg,substantial
4651,17/10/2019,/rails/active_storage/blobs/eyJfcmFpbHMiOnsibWVzc2FnZSI6IkJBaHBBZ1VTIiwiZXhwIjpudWxsLCJwdXIiOiJibG9iX2lkIn19--b10cd2c32b3391a9f7489f116b67eb0a0d59286d/20191016_125644.jpg,extensive
4653,18/10/2019,/rails/active_storage/blobs/eyJfcmFpbHMiOnsibWVzc2FnZSI6IkJBaHBBZ2NTIiwiZXhwIjpudWxsLCJwdXIiOiJibG9iX2lkIn19--b45682b108b734db2a3ecc32c98b5f2ca0289cc3/IMG_3793.JPG,extensive
4654,18/10/2019,/rails/active_storage/blobs/eyJfcmFpbHMiOnsibWVzc2FnZSI6IkJBaHBBZ2dTIiwiZXhwIjpudWxsLCJwdXIiOiJibG9iX2lkIn19--9f36d8636170c44a6782609d1eea3b542d868999/IMG_3794.JPG,substantial
4703,05/09/2019,/rails/active_storage/blobs/eyJfcmFpbHMiOnsibWVzc2FnZSI6IkJBaHBBamtTIiwiZXhwIjpudWxsLCJwdXIiOiJibG9iX2lkIn19--250ff5e033c8cf4fd3bd7d5807a85bc15c54042a/DSC_4226.jpeg,a lot
4725,16/10/2019,/rails/active_storage/blobs/eyJfcmFpbHMiOnsibWVzc2FnZSI6IkJBaHBBazhTIiwiZXhwIjpudWxsLCJwdXIiOiJibG9iX2lkIn19--0aa552d61ab69c4d3ee2303082562e9e0353f937/WhatsApp%20Image%202019-10-16%20at%2012.06.38.jpeg,extensive
4727,21/10/2019,/rails/active_storage/blobs/eyJfcmFpbHMiOnsibWVzc2FnZSI6IkJBaHBBbEVTIiwiZXhwIjpudWxsLCJwdXIiOiJibG9iX2lkIn19--da27e621ba6f2bf51e9fb4262245b3fd38f6443b/WhatsApp%20Image%202019-10-21%20at%2014.02.18.jpeg,a lot
4729,16/10/2019,/rails/active_storage/blobs/eyJfcmFpbHMiOnsibWVzc2FnZSI6IkJBaHBBbE1TIiwiZXhwIjpudWxsLCJwdXIiOiJibG9iX2lkIn19--1592557ebd8f5c08ca72b2f53fbc86024cda718e/EHBfvJSXYAIZ5am.jpeg,extensive
4773,23/10/2019,/rails/active_storage/blobs/eyJfcmFpbHMiOnsibWVzc2FnZSI6IkJBaHBBbjhTIiwiZXhwIjpudWxsLCJwdXIiOiJibG9iX2lkIn19--3415a8a81631a2a5a80f4e5dac7f3f3940fdc660/Image%20(1).jpg,a lot
4774,23/10/2019,/rails/active_storage/blobs/eyJfcmFpbHMiOnsibWVzc2FnZSI6IkJBaHBBb0FTIiwiZXhwIjpudWxsLCJwdXIiOiJibG9iX2lkIn19--00728f0a231f0808001cf0ad280d68aca7692514/_private_var_mobile_Containers_Shared_AppGroup_9C919187-91B4-43D7-8914-7EA21D73ECDB_Library_Caches_Attachment-Uploads_Image.jpeg,a lot
4780,27/10/2019,/rails/active_storage/blobs/eyJfcmFpbHMiOnsibWVzc2FnZSI6IkJBaHBBb1lTIiwiZXhwIjpudWxsLCJwdXIiOiJibG9iX2lkIn19--600ce145ee35d13da23c4b1077b409b252051b13/IMG_0789.jpg,substantial
4782,16/10/2019,/rails/active_storage/blobs/eyJfcmFpbHMiOnsibWVzc2FnZSI6IkJBaHBBb2dTIiwiZXhwIjpudWxsLCJwdXIiOiJibG9iX2lkIn19--ee3b9b62336ef926508d40161a6b8475b9b2e53a/B%20DSCN8308s.jpg,extensive
4794,31/10/2019,/rails/active_storage/blobs/eyJfcmFpbHMiOnsibWVzc2FnZSI6IkJBaHBBcFFTIiwiZXhwIjpudWxsLCJwdXIiOiJibG9iX2lkIn19--61f590274ba20dd1de92f203d3cc9d091bf10e7e/animage.jpg,minimal
4795,30/10/2019,/rails/active_storage/blobs/eyJfcmFpbHMiOnsibWVzc2FnZSI6IkJBaHBBcFVTIiwiZXhwIjpudWxsLCJwdXIiOiJibG9iX2lkIn19--9996dee84ed8af9fe9a59695aad3c5460e9b73cc/animage.jpg,minimal
4797,31/10/2019,/rails/active_storage/blobs/eyJfcmFpbHMiOnsibWVzc2FnZSI6IkJBaHBBcGNTIiwiZXhwIjpudWxsLCJwdXIiOiJibG9iX2lkIn19--1357ea0e90802877ee09f428cb056c52c945cf25/animage.jpg,minimal
4803,21/10/2019,/rails/active_storage/blobs/eyJfcmFpbHMiOnsibWVzc2FnZSI6IkJBaHBBcDBTIiwiZXhwIjpudWxsLCJwdXIiOiJibG9iX2lkIn19--875e57e8b96ea5ab6b7ee46bf294d079a1348f05/WhatsApp%20Image%202019-10-21%20at%2014.02.18.jpeg,a lot
4805,22/10/2019,/rails/active_storage/blobs/eyJfcmFpbHMiOnsibWVzc2FnZSI6IkJBaHBBcDhTIiwiZXhwIjpudWxsLCJwdXIiOiJibG9iX2lkIn19--4974d058ec29b70a5a96a62c5661c10331b50992/WhatsApp%20Image%202019-10-22%20at%2012.20.02.jpeg,a lot
4825,29/10/2019,/rails/active_storage/blobs/eyJfcmFpbHMiOnsibWVzc2FnZSI6IkJBaHBBck1TIiwiZXhwIjpudWxsLCJwdXIiOiJibG9iX2lkIn19--189bc303da5489048e80f4739220c4f2f4323df7/WhatsApp%20Image%202019-10-29%20at%2011.29.00.jpeg,minimal
4835,03/11/2019,/rails/active_storage/blobs/eyJfcmFpbHMiOnsibWVzc2FnZSI6IkJBaHBBcjBTIiwiZXhwIjpudWxsLCJwdXIiOiJibG9iX2lkIn19--445a31e729f140caa7c1219fec27726dc5c95b67/WhatsApp%20Image%202019-11-03%20at%2012.17.00.jpeg,substantial
4842,03/11/2019,/rails/active_storage/blobs/eyJfcmFpbHMiOnsibWVzc2FnZSI6IkJBaHBBc1FTIiwiZXhwIjpudWxsLCJwdXIiOiJibG9iX2lkIn19--a58b9e1b9ef5e335ae3e1a301e50cf8597ffacef/WhatsApp%20Image%202019-11-03%20at%2016.21.17.jpeg,substantial
4843,03/11/2019,/rails/active_storage/blobs/eyJfcmFpbHMiOnsibWVzc2FnZSI6IkJBaHBBc1VTIiwiZXhwIjpudWxsLCJwdXIiOiJibG9iX2lkIn19--dd6755afab3930202a40ec09a772471f509788af/WhatsApp%20Image%202019-11-03%20at%2016.21.17(1).jpeg,substantial
4846,03/11/2019,/rails/active_storage/blobs/eyJfcmFpbHMiOnsibWVzc2FnZSI6IkJBaHBBc2dTIiwiZXhwIjpudWxsLCJwdXIiOiJibG9iX2lkIn19--4acc34191e25cf203ff0224cb35da26ebb4e6004/WhatsApp%20Image%202019-11-03%20at%2016.21.16.jpeg,substantial
4847,03/11/2019,/rails/active_storage/blobs/eyJfcmFpbHMiOnsibWVzc2FnZSI6IkJBaHBBc2tTIiwiZXhwIjpudWxsLCJwdXIiOiJibG9iX2lkIn19--ec917d459f80342cc8351323f26f006e88fabc44/WhatsApp%20Image%202019-11-03%20at%2016.21.16(1).jpeg,substantial
4860,09/11/2019,/rails/active_storage/blobs/eyJfcmFpbHMiOnsibWVzc2FnZSI6IkJBaHBBdFlTIiwiZXhwIjpudWxsLCJwdXIiOiJibG9iX2lkIn19--9a4bbaa7d9616b20a5c7f4799d9c72e6571c2cfd/animage.jpg,a lot
4875,17/11/2019,/rails/active_storage/blobs/eyJfcmFpbHMiOnsibWVzc2FnZSI6IkJBaHBBdVVTIiwiZXhwIjpudWxsLCJwdXIiOiJibG9iX2lkIn19--07d78b56a7115f98b921e18a552a1c98ae829dc6/animage.jpg,minimal
4891,31/10/2019,/rails/active_storage/blobs/eyJfcmFpbHMiOnsibWVzc2FnZSI6IkJBaHBBdlVTIiwiZXhwIjpudWxsLCJwdXIiOiJibG9iX2lkIn19--c53f2328024abfda4fc733944eae12f89623db6d/IMG_8737.JPG,minimal
4892,31/10/2019,/rails/active_storage/blobs/eyJfcmFpbHMiOnsibWVzc2FnZSI6IkJBaHBBdllTIiwiZXhwIjpudWxsLCJwdXIiOiJibG9iX2lkIn19--c774e85397ddcecb61df0a32b5573a836ea8c3c2/20191031_141434.jpg,minimal
4894,02/11/2019,/rails/active_storage/blobs/eyJfcmFpbHMiOnsibWVzc2FnZSI6IkJBaHBBdmdTIiwiZXhwIjpudWxsLCJwdXIiOiJibG9iX2lkIn19--12eb2a8e049fa4fb102cd2d2eb8ecdf520f8d97a/IMG_1272.jpg,minimal
4897,29/09/2019,/rails/active_storage/blobs/eyJfcmFpbHMiOnsibWVzc2FnZSI6IkJBaHBBdnNTIiwiZXhwIjpudWxsLCJwdXIiOiJibG9iX2lkIn19--8ade07129317fb116221f20dd8be931124c981d8/IMG_20190929_174441235.jpg,substantial
4899,30/10/2019,/rails/active_storage/blobs/eyJfcmFpbHMiOnsibWVzc2FnZSI6IkJBaHBBdjBTIiwiZXhwIjpudWxsLCJwdXIiOiJibG9iX2lkIn19--f49401049d2f17fd6aa3c97c38ffd29e92a249b5/DSC_0037.jpg,minimal
4914,15/11/2019,/rails/active_storage/blobs/eyJfcmFpbHMiOnsibWVzc2FnZSI6IkJBaHBBZ3dUIiwiZXhwIjpudWxsLCJwdXIiOiJibG9iX2lkIn19--fabd795198e8528d732851e12c864cd722244816/20191115_130727.jpg,a lot
4915,16/11/2019,/rails/active_storage/blobs/eyJfcmFpbHMiOnsibWVzc2FnZSI6IkJBaHBBZzBUIiwiZXhwIjpudWxsLCJwdXIiOiJibG9iX2lkIn19--f67e1524a4b11a9a9cb3f26cfd0223f4fe535f83/IMG_0390.JPG,a lot
4916,16/11/2019,/rails/active_storage/blobs/eyJfcmFpbHMiOnsibWVzc2FnZSI6IkJBaHBBZzRUIiwiZXhwIjpudWxsLCJwdXIiOiJibG9iX2lkIn19--89d2ab56472bdc516147bde9d67dc18ccceb016e/IMG_0391.JPG,a lot
4920,05/11/2019,/rails/active_storage/blobs/eyJfcmFpbHMiOnsibWVzc2FnZSI6IkJBaHBBaElUIiwiZXhwIjpudWxsLCJwdXIiOiJibG9iX2lkIn19--e27a393a992f309197c924fd7824a8ebeb607466/WhatsApp%20Image%202019-11-05%20at%2015.01.11(1).jpeg,a lot
4934,07/11/2019,/rails/active_storage/blobs/eyJfcmFpbHMiOnsibWVzc2FnZSI6IkJBaHBBaUFUIiwiZXhwIjpudWxsLCJwdXIiOiJibG9iX2lkIn19--a257a3296a917c9ccaa276a037959d5e46d6e1ad/WhatsApp%20Image%202019-11-09%20at%2022.14.45(1).jpeg,a lot
4935,10/11/2019,/rails/active_storage/blobs/eyJfcmFpbHMiOnsibWVzc2FnZSI6IkJBaHBBaUVUIiwiZXhwIjpudWxsLCJwdXIiOiJibG9iX2lkIn19--cd642bd1a29ec9d67bc331dd87acc9f8743470f0/WhatsApp%20Image%202019-11-10%20at%2012.27.54.jpeg,minimal
4937,15/11/2019,/rails/active_storage/blobs/eyJfcmFpbHMiOnsibWVzc2FnZSI6IkJBaHBBaU1UIiwiZXhwIjpudWxsLCJwdXIiOiJibG9iX2lkIn19--bfa68c5ef7f9b4f52d86374b5102b59c130fe2ee/WhatsApp%20Image%202019-11-15%20at%2011.50.22.jpeg,a lot
4945,26/10/2019,/rails/active_storage/blobs/eyJfcmFpbHMiOnsibWVzc2FnZSI6IkJBaHBBaXNUIiwiZXhwIjpudWxsLCJwdXIiOiJibG9iX2lkIn19--3ba994ac781f48f679b6ad5bc70ef5f2fed536c1/%23116.jpg,substantial
4947,26/10/2019,/rails/active_storage/blobs/eyJfcmFpbHMiOnsibWVzc2FnZSI6IkJBaHBBaTBUIiwiZXhwIjpudWxsLCJwdXIiOiJibG9iX2lkIn19--dfdd264158741e76f1ba268af677d303302c6db0/%23114.jpg,substantial
4948,09/12/2019,/rails/active_storage/blobs/eyJfcmFpbHMiOnsibWVzc2FnZSI6IkJBaHBBaTRUIiwiZXhwIjpudWxsLCJwdXIiOiJibG9iX2lkIn19--24647d399489e23e813fe954f9b53a78abc04d07/animage.jpg,substantial
4980,29/12/2019,/rails/active_storage/blobs/eyJfcmFpbHMiOnsibWVzc2FnZSI6IkJBaHBBazRUIiwiZXhwIjpudWxsLCJwdXIiOiJibG9iX2lkIn19--5fa26825ee497d165cdad9f195ea1078a0aa951c/animage.jpg,substantial
4983,01/01/2020,/rails/active_storage/blobs/eyJfcmFpbHMiOnsibWVzc2FnZSI6IkJBaHBBbEVUIiwiZXhwIjpudWxsLCJwdXIiOiJibG9iX2lkIn19--5a143306fcea23511f4795f40c7d639e22de33e1/animage.jpg,a lot
5025,25/12/2019,/rails/active_storage/blobs/eyJfcmFpbHMiOnsibWVzc2FnZSI6IkJBaHBBbnNUIiwiZXhwIjpudWxsLCJwdXIiOiJibG9iX2lkIn19--cce4091b72fb3d2a224442eedbdde86f748d144d/WhatsApp%20Image%202019-12-31%20at%2015.40.55.jpeg,substantial
5069,25/12/2019,/rails/active_storage/blobs/eyJfcmFpbHMiOnsibWVzc2FnZSI6IkJBaHBBcWNUIiwiZXhwIjpudWxsLCJwdXIiOiJibG9iX2lkIn19--4621f1d1eeb29bbb987ed007b7263845af21e97d/WhatsApp%20Image%202019-12-25%20at%2015.14.43.jpeg,substantial
5082,03/01/2020,/rails/active_storage/blobs/eyJfcmFpbHMiOnsibWVzc2FnZSI6IkJBaHBBclFUIiwiZXhwIjpudWxsLCJwdXIiOiJibG9iX2lkIn19--b1a750aac81b6f29f5d17977996943e1cfd764f2/WhatsApp%20Image%202020-01-03%20at%2018.22.51.jpeg,minimal
5106,29/12/2019,/rails/active_storage/blobs/eyJfcmFpbHMiOnsibWVzc2FnZSI6IkJBaHBBczBUIiwiZXhwIjpudWxsLCJwdXIiOiJibG9iX2lkIn19--191fded9176c04ef983e7f53d69b94abb23e8f9d/IMG_3917.jpg,substantial
5118,30/12/2019,/rails/active_storage/blobs/eyJfcmFpbHMiOnsibWVzc2FnZSI6IkJBaHBBdGtUIiwiZXhwIjpudWxsLCJwdXIiOiJibG9iX2lkIn19--72d35b2fbb21e6deb400adc4f48bc361b8a12d35/ENCZBAPWkAAxTpj.jpeg,a lot
5119,30/12/2019,/rails/active_storage/blobs/eyJfcmFpbHMiOnsibWVzc2FnZSI6IkJBaHBBdG9UIiwiZXhwIjpudWxsLCJwdXIiOiJibG9iX2lkIn19--fbc75386be8390e5cf9d338d8946966fb828caef/ENCZA8SW4AARZbo.jpeg,a lot
5124,12/01/2020,/rails/active_storage/blobs/eyJfcmFpbHMiOnsibWVzc2FnZSI6IkJBaHBBdDhUIiwiZXhwIjpudWxsLCJwdXIiOiJibG9iX2lkIn19--99f1c943dd3922aaf756c4f8e44cefa5ae4373f6/animage.jpg,extensive
5125,12/01/2020,/rails/active_storage/blobs/eyJfcmFpbHMiOnsibWVzc2FnZSI6IkJBaHBBdUFUIiwiZXhwIjpudWxsLCJwdXIiOiJibG9iX2lkIn19--d40c384f435a9e2f0566af79932ca0e45814f610/animage.jpg,extensive
5129,09/01/2020,/rails/active_storage/blobs/eyJfcmFpbHMiOnsibWVzc2FnZSI6IkJBaHBBdVFUIiwiZXhwIjpudWxsLCJwdXIiOiJibG9iX2lkIn19--fb5abae835c68c0b06246232e8e35d66c77794cc/WhatsApp%20Image%202020-01-09%20at%2014.58.05.jpeg,substantial
5144,10/01/2020,/rails/active_storage/blobs/eyJfcmFpbHMiOnsibWVzc2FnZSI6IkJBaHBBdk1UIiwiZXhwIjpudWxsLCJwdXIiOiJibG9iX2lkIn19--b1af6e22d4c385ce52f26a247937c5943fe8f1ed/IMG_5655.JPG,a lot
5145,11/01/2020,/rails/active_storage/blobs/eyJfcmFpbHMiOnsibWVzc2FnZSI6IkJBaHBBdlFUIiwiZXhwIjpudWxsLCJwdXIiOiJibG9iX2lkIn19--51ed4a6b9e0e90a39c530a5fd4b7ff7df939b7ca/image0.jpeg,extensive
5149,21/01/2020,/rails/active_storage/blobs/eyJfcmFpbHMiOnsibWVzc2FnZSI6IkJBaHBBdmdUIiwiZXhwIjpudWxsLCJwdXIiOiJibG9iX2lkIn19--3c5fe0b10395aa5fe5038ecbbdcbcc048e02ba45/animage.jpg,a lot
5160,18/01/2020,/rails/active_storage/blobs/eyJfcmFpbHMiOnsibWVzc2FnZSI6IkJBaHBBZ01VIiwiZXhwIjpudWxsLCJwdXIiOiJibG9iX2lkIn19--eb0e053981539428de777bbd3590eedc6b607394/WhatsApp%20Image%202020-01-18%20at%2012.53.36.jpeg,a lot
5168,29/12/2019,/rails/active_storage/blobs/eyJfcmFpbHMiOnsibWVzc2FnZSI6IkJBaHBBZ3NVIiwiZXhwIjpudWxsLCJwdXIiOiJibG9iX2lkIn19--2463b61da5650ad01ed16f9fcea0a98c2ae18939/20191229_150431.jpg,substantial
5170,21/01/2020,/rails/active_storage/blobs/eyJfcmFpbHMiOnsibWVzc2FnZSI6IkJBaHBBZzBVIiwiZXhwIjpudWxsLCJwdXIiOiJibG9iX2lkIn19--4828e6cb2d1087345885e0e4425efa87139713d0/IMG_0233.jpg,a lot
5172,25/01/2020,/rails/active_storage/blobs/eyJfcmFpbHMiOnsibWVzc2FnZSI6IkJBaHBBZzhVIiwiZXhwIjpudWxsLCJwdXIiOiJibG9iX2lkIn19--5ed427f5ebc5588905f801d5937ec236db78f988/animage.jpg,minimal
5205,04/02/2020,/rails/active_storage/blobs/eyJfcmFpbHMiOnsibWVzc2FnZSI6IkJBaHBBakVVIiwiZXhwIjpudWxsLCJwdXIiOiJibG9iX2lkIn19--00af85f91df85b1245480dedda52235f6a9da6f1/WhatsApp%20Image%202020-02-04%20at%2017.56.09.jpeg,extensive
5210,08/02/2020,/rails/active_storage/blobs/eyJfcmFpbHMiOnsibWVzc2FnZSI6IkJBaHBBallVIiwiZXhwIjpudWxsLCJwdXIiOiJibG9iX2lkIn19--0383f4fa5267dc6391083eb8373bbc762336cfc5/IMG_8985.JPG,minimal
5220,14/02/2020,/rails/active_storage/blobs/eyJfcmFpbHMiOnsibWVzc2FnZSI6IkJBaHBBa0FVIiwiZXhwIjpudWxsLCJwdXIiOiJibG9iX2lkIn19--df3f2c8dc460066bf402ae4ead37ea78940ca541/WhatsApp%20Image%202020-02-14%20at%2014.34.03.jpeg,extensive
5227,15/02/2020,/rails/active_storage/blobs/eyJfcmFpbHMiOnsibWVzc2FnZSI6IkJBaHBBa2NVIiwiZXhwIjpudWxsLCJwdXIiOiJibG9iX2lkIn19--e767e7702688384bbd88ca2e75ca17bdb855c4fe/15-02-2020_i.jpg,extensive
5232,13/02/2020,/rails/active_storage/blobs/eyJfcmFpbHMiOnsibWVzc2FnZSI6IkJBaHBBa3dVIiwiZXhwIjpudWxsLCJwdXIiOiJibG9iX2lkIn19--3cf1006a90b20fca9f422696e644ea5d083d9db1/Circle%201.JPG,extensive
5253,01/03/2020,/rails/active_storage/blobs/eyJfcmFpbHMiOnsibWVzc2FnZSI6IkJBaHBBbUVVIiwiZXhwIjpudWxsLCJwdXIiOiJibG9iX2lkIn19--9210376bb09502b2477591097d4a16e930b5bbf5/WhatsApp%20Image%202020-03-01%20at%2011.24.28.jpeg,extensive
5255,02/03/2020,/rails/active_storage/blobs/eyJfcmFpbHMiOnsibWVzc2FnZSI6IkJBaHBBbU1VIiwiZXhwIjpudWxsLCJwdXIiOiJibG9iX2lkIn19--6535982c845d90f5f0422720ddba4d98b0278fa2/WhatsApp%20Image%202020-03-02%20at%2014.54.42.jpeg,substantial
5287,08/03/2020,/rails/active_storage/blobs/eyJfcmFpbHMiOnsibWVzc2FnZSI6IkJBaHBBb01VIiwiZXhwIjpudWxsLCJwdXIiOiJibG9iX2lkIn19--fc214e8687bc3c5dd31eb2028a719151a90ec8f1/08-03-2020_t.jpg,substantial
5289,11/03/2020,/rails/active_storage/blobs/eyJfcmFpbHMiOnsibWVzc2FnZSI6IkJBaHBBb1VVIiwiZXhwIjpudWxsLCJwdXIiOiJibG9iX2lkIn19--583b80ef176f06ff748647faeaa35ad778181462/11-03-2020_t.jpg,substantial
5296,17/03/2020,/rails/active_storage/blobs/eyJfcmFpbHMiOnsibWVzc2FnZSI6IkJBaHBBb3dVIiwiZXhwIjpudWxsLCJwdXIiOiJibG9iX2lkIn19--10ad13e0ce9490948fa98c8ff7a4e26197921099/IMG_1272.jpg,none
5302,13/03/2020,/rails/active_storage/blobs/eyJfcmFpbHMiOnsibWVzc2FnZSI6IkJBaHBBcElVIiwiZXhwIjpudWxsLCJwdXIiOiJibG9iX2lkIn19--48bfa489116d29cee00d0633878a8a773fc878d3/WhatsApp%20Image%202020-03-13%20at%2012.29.08.jpeg,substantial
5371,29/03/2020,/rails/active_storage/blobs/eyJfcmFpbHMiOnsibWVzc2FnZSI6IkJBaHBBdGNVIiwiZXhwIjpudWxsLCJwdXIiOiJibG9iX2lkIn19--f74af650a03723cbc2b994ae1495057e1b444dad/WhatsApp%20Image%202020-03-29%20at%2016.03.53%20(1).jpeg,none
5398,01/06/1990,/rails/active_storage/blobs/eyJfcmFpbHMiOnsibWVzc2FnZSI6IkJBaHBBdklVIiwiZXhwIjpudWxsLCJwdXIiOiJibG9iX2lkIn19--1bcdd407404864c4968717ab7e66d8594d068791/16-04-2020_t.jpg,none
5405,15/04/2020,/rails/active_storage/blobs/eyJfcmFpbHMiOnsibWVzc2FnZSI6IkJBaHBBdmtVIiwiZXhwIjpudWxsLCJwdXIiOiJibG9iX2lkIn19--bbd9bcb8aea163dabf4356752dbf8a4a3eef82a6/WhatsApp%20Image%202020-04-15%20at%2022.59.09.jpeg,none
5428,02/10/2019,/rails/active_storage/blobs/eyJfcmFpbHMiOnsibWVzc2FnZSI6IkJBaHBBaEFWIiwiZXhwIjpudWxsLCJwdXIiOiJibG9iX2lkIn19--95c32becacbeb634476b26961f24c86f2b0021ae/image017.jpg,none
5522,01/09/2019,/rails/active_storage/blobs/eyJfcmFpbHMiOnsibWVzc2FnZSI6IkJBaHBBbTRWIiwiZXhwIjpudWxsLCJwdXIiOiJibG9iX2lkIn19--721e316479349347198774301a02ea887b46012e/94068133_2861080747345674_9197735011992731648_n.jpg,at home
5811,20/07/2002,/rails/active_storage/blobs/eyJfcmFpbHMiOnsibWVzc2FnZSI6IkJBaHBBbzhXIiwiZXhwIjpudWxsLCJwdXIiOiJibG9iX2lkIn19--23dc4d0dcaca2652f3c828b94e7cc36c912acef2/macrie04.jpg,none
5813,20/07/2002,/rails/active_storage/blobs/eyJfcmFpbHMiOnsibWVzc2FnZSI6IkJBaHBBcEVXIiwiZXhwIjpudWxsLCJwdXIiOiJibG9iX2lkIn19--542b304051dc208b8f6e0f34368809878d3be989/macrie06.jpg,none
5957,02/06/2013,/rails/active_storage/blobs/eyJfcmFpbHMiOnsibWVzc2FnZSI6IkJBaHBBaUVYIiwiZXhwIjpudWxsLCJwdXIiOiJibG9iX2lkIn19--ed122d9d5d3db7780eceba90e3f103613f6fc0ff/machriemoor6-2013c.jpg,none
5958,02/06/2013,/rails/active_storage/blobs/eyJfcmFpbHMiOnsibWVzc2FnZSI6IkJBaHBBaUlYIiwiZXhwIjpudWxsLCJwdXIiOiJibG9iX2lkIn19--a4f42ae9c146a35785797408b7a04b03640ad803/machriemoor6-2013d%20(1).jpg,none
5959,02/06/2013,/rails/active_storage/blobs/eyJfcmFpbHMiOnsibWVzc2FnZSI6IkJBaHBBaU1YIiwiZXhwIjpudWxsLCJwdXIiOiJibG9iX2lkIn19--c29803a58f868dc48765f5155559a58c747ad3e5/machriemoor6-2013d.jpg,none
5960,02/06/2013,/rails/active_storage/blobs/eyJfcmFpbHMiOnsibWVzc2FnZSI6IkJBaHBBaVFYIiwiZXhwIjpudWxsLCJwdXIiOiJibG9iX2lkIn19--2e53ad9f6479f1e7674a9f4140b4ceb6cf0db112/machriemoor6-2013e.jpg,at home
5961,02/06/2013,/rails/active_storage/blobs/eyJfcmFpbHMiOnsibWVzc2FnZSI6IkJBaHBBaVVYIiwiZXhwIjpudWxsLCJwdXIiOiJibG9iX2lkIn19--d9cf12c53bc603368191deff9ecc7fc3d46dba44/machriemoor6-2013f.jpg,none
5964,02/06/2013,/rails/active_storage/blobs/eyJfcmFpbHMiOnsibWVzc2FnZSI6IkJBaHBBaWdYIiwiZXhwIjpudWxsLCJwdXIiOiJibG9iX2lkIn19--0f7b51e045683fcf3f53f713a8dd79f70b9b94a4/machriemoor6-2013pano.jpg,none
6123,21/05/2020,/rails/active_storage/blobs/eyJfcmFpbHMiOnsibWVzc2FnZSI6IkJBaHBBc2NYIiwiZXhwIjpudWxsLCJwdXIiOiJibG9iX2lkIn19--99305b226f484683cba8d90ffb74c5c7da8e212c/WhatsApp%20Image%202020-05-21%20at%2021.01.08.jpeg,none
6185,06/06/2020,/rails/active_storage/blobs/eyJfcmFpbHMiOnsibWVzc2FnZSI6IkJBaHBBZ1VZIiwiZXhwIjpudWxsLCJwdXIiOiJibG9iX2lkIn19--69305c1c9f72869734f2f2ea02304ce551877cc4/image0.jpeg,none
6289,11/07/2020,/rails/active_storage/blobs/eyJfcmFpbHMiOnsibWVzc2FnZSI6IkJBaHBBbTBZIiwiZXhwIjpudWxsLCJwdXIiOiJibG9iX2lkIn19--1f8e670d003f50e2a9d626b971ce823b815b7aa1/11-07-2020_t.jpg,none
6290,07/07/2020,/rails/active_storage/blobs/eyJfcmFpbHMiOnsibWVzc2FnZSI6IkJBaHBBbTRZIiwiZXhwIjpudWxsLCJwdXIiOiJibG9iX2lkIn19--bad9727278301ba522e5ad0ed6353784c774dff5/WhatsApp%20Image%202020-07-07%20at%2012.30.54.jpeg,none
6323,13/07/2020,/rails/active_storage/blobs/eyJfcmFpbHMiOnsibWVzc2FnZSI6IkJBaHBBbzhZIiwiZXhwIjpudWxsLCJwdXIiOiJibG9iX2lkIn19--8743a650e4cfd1154bfbec5fadb54a7c9d06fe22/13-07-2020_t.jpg,none
6325,19/07/2020,/rails/active_storage/blobs/eyJfcmFpbHMiOnsibWVzc2FnZSI6IkJBaHBBcEVZIiwiZXhwIjpudWxsLCJwdXIiOiJibG9iX2lkIn19--951c6c715986f160de875393f6b8d55233a0b57d/19-07-2020_t.jpg,none
6328,15/07/2020,/rails/active_storage/blobs/eyJfcmFpbHMiOnsibWVzc2FnZSI6IkJBaHBBcFFZIiwiZXhwIjpudWxsLCJwdXIiOiJibG9iX2lkIn19--db3be8830e3477b9e32abc63d0badc1118ed4aaa/WhatsApp%20Image%202020-07-15%20at%2013.19.58.jpeg,none
6342,20/07/2020,/rails/active_storage/blobs/eyJfcmFpbHMiOnsibWVzc2FnZSI6IkJBaHBBcUlZIiwiZXhwIjpudWxsLCJwdXIiOiJibG9iX2lkIn19--bca76396edfda069ed37684126feb11848545c84/WhatsApp%20Image%202020-07-20%20at%2013.06.51.jpeg,none
6361,13/07/2020,/rails/active_storage/blobs/eyJfcmFpbHMiOnsibWVzc2FnZSI6IkJBaHBBclVZIiwiZXhwIjpudWxsLCJwdXIiOiJibG9iX2lkIn19--49254da53829bd126586a7a08e14bb8c7dc9e222/13-07-2020_i.jpg,none
6362,13/07/2020,/rails/active_storage/blobs/eyJfcmFpbHMiOnsibWVzc2FnZSI6IkJBaHBBcllZIiwiZXhwIjpudWxsLCJwdXIiOiJibG9iX2lkIn19--b705c5659b27cc51f0514d4cb9a0eec5a59beec8/13-07-2020_i.jpg,none
6369,20/07/2020,/rails/active_storage/blobs/eyJfcmFpbHMiOnsibWVzc2FnZSI6IkJBaHBBcjBZIiwiZXhwIjpudWxsLCJwdXIiOiJibG9iX2lkIn19--4b600dd301b744f217eaea2d011793c43346cde2/IMG_1836.JPG,none
6380,21/07/2020,/rails/active_storage/blobs/eyJfcmFpbHMiOnsibWVzc2FnZSI6IkJBaHBBc2dZIiwiZXhwIjpudWxsLCJwdXIiOiJibG9iX2lkIn19--2691e05d047846649ba0f137bb5f2eed9f123e69/WhatsApp%20Image%202020-07-21%20at%2018.09.34.jpeg,none
6389,26/07/2020,/rails/active_storage/blobs/eyJfcmFpbHMiOnsibWVzc2FnZSI6IkJBaHBBdEVZIiwiZXhwIjpudWxsLCJwdXIiOiJibG9iX2lkIn19--7622ed5cf98b528e938d08b138d21811e341bc1d/WhatsApp%20Image%202020-07-26%20at%2012.09.21.jpeg,minimal
6400,28/07/2020,/rails/active_storage/blobs/eyJfcmFpbHMiOnsibWVzc2FnZSI6IkJBaHBBdHdZIiwiZXhwIjpudWxsLCJwdXIiOiJibG9iX2lkIn19--5cf04604f977917473ed508748ccb1b62ee2b001/28-07-2020_t.jpg,a lot
6402,29/07/2020,/rails/active_storage/blobs/eyJfcmFpbHMiOnsibWVzc2FnZSI6IkJBaHBBdDRZIiwiZXhwIjpudWxsLCJwdXIiOiJibG9iX2lkIn19--e34aaccf6380f7863ab91e742590dd663333c9e2/29-07-2020_t.jpg,some
6414,24/07/2020,/rails/active_storage/blobs/eyJfcmFpbHMiOnsibWVzc2FnZSI6IkJBaHBBdW9ZIiwiZXhwIjpudWxsLCJwdXIiOiJibG9iX2lkIn19--b4dadbf89ae6de384e03f5626e81ebee9a5ddf7e/IMG_20200724_082621.jpg,none
6415,24/07/2020,/rails/active_storage/blobs/eyJfcmFpbHMiOnsibWVzc2FnZSI6IkJBaHBBdXNZIiwiZXhwIjpudWxsLCJwdXIiOiJibG9iX2lkIn19--e6e52db991b2f29b97c20c3dfc89201753ef94cd/IMG_1175.jpg,none
6417,24/07/2020,/rails/active_storage/blobs/eyJfcmFpbHMiOnsibWVzc2FnZSI6IkJBaHBBdTBZIiwiZXhwIjpudWxsLCJwdXIiOiJibG9iX2lkIn19--5bcee6cac102875d0d5aa05280a264748e4800a2/IMG_1004.jpg,none
6420,26/07/2020,/rails/active_storage/blobs/eyJfcmFpbHMiOnsibWVzc2FnZSI6IkJBaHBBdkFZIiwiZXhwIjpudWxsLCJwdXIiOiJibG9iX2lkIn19--85fbe9be978b223bbe92a61ba12de146e590e2c3/IMG_0753.jpg,none
6421,26/07/2020,/rails/active_storage/blobs/eyJfcmFpbHMiOnsibWVzc2FnZSI6IkJBaHBBdkVZIiwiZXhwIjpudWxsLCJwdXIiOiJibG9iX2lkIn19--cbfeca7f90d39ebeb5a7bf55a054e33999699b19/IMG_0754.jpg,none
6442,27/07/2020,/rails/active_storage/blobs/eyJfcmFpbHMiOnsibWVzc2FnZSI6IkJBaHBBZ1laIiwiZXhwIjpudWxsLCJwdXIiOiJibG9iX2lkIn19--6920b4fed67ded2618cd59fb16724fc67023e8c2/IMG_3043.jpg,extensive
6447,28/07/2020,/rails/active_storage/blobs/eyJfcmFpbHMiOnsibWVzc2FnZSI6IkJBaHBBZ3NaIiwiZXhwIjpudWxsLCJwdXIiOiJibG9iX2lkIn19--e9626dd9e4862561e5c999398783f60be8926d2a/IMG_20200728_104939039%20(1).jpg,a lot
6451,28/07/2020,/rails/active_storage/blobs/eyJfcmFpbHMiOnsibWVzc2FnZSI6IkJBaHBBZzhaIiwiZXhwIjpudWxsLCJwdXIiOiJibG9iX2lkIn19--661520d4cbf3f64cbeb82cd5a3506bcef7c4f7f9/IMG_20200729_111241.jpg,substantial
6456,30/07/2020,/rails/active_storage/blobs/eyJfcmFpbHMiOnsibWVzc2FnZSI6IkJBaHBBaFFaIiwiZXhwIjpudWxsLCJwdXIiOiJibG9iX2lkIn19--b8451cfa28ae7e6673fe1314bb004c91475b3044/30-07-2020_t.jpg,substantial
6461,01/08/2020,/rails/active_storage/blobs/eyJfcmFpbHMiOnsibWVzc2FnZSI6IkJBaHBBaGtaIiwiZXhwIjpudWxsLCJwdXIiOiJibG9iX2lkIn19--c46730b0d0a8765a94afd11ea6e8a30c714c57f1/01-08-2020_t.jpg,some
6475,05/08/2020,/rails/active_storage/blobs/eyJfcmFpbHMiOnsibWVzc2FnZSI6IkJBaHBBaWNaIiwiZXhwIjpudWxsLCJwdXIiOiJibG9iX2lkIn19--e98dab680f46b4b76ec145e6248cd4f7720aac6d/05-08-2020_t.jpg,a lot
6477,05/08/2020,/rails/active_storage/blobs/eyJfcmFpbHMiOnsibWVzc2FnZSI6IkJBaHBBaWtaIiwiZXhwIjpudWxsLCJwdXIiOiJibG9iX2lkIn19--7080ef8a98a32afe55d75317a4e6bc5edce0e41f/05-08-2020_t.jpg,a lot
6491,28/07/2020,/rails/active_storage/blobs/eyJfcmFpbHMiOnsibWVzc2FnZSI6IkJBaHBBamNaIiwiZXhwIjpudWxsLCJwdXIiOiJibG9iX2lkIn19--dca89db71eb58462da6d70ae52646bdaddbd438b/WhatsApp%20Image%202020-07-28%20at%2014.27.47.jpeg,a lot
6499,29/07/2020,/rails/active_storage/blobs/eyJfcmFpbHMiOnsibWVzc2FnZSI6IkJBaHBBajhaIiwiZXhwIjpudWxsLCJwdXIiOiJibG9iX2lkIn19--ad683d357d73247ccf3b07e4b6364eca17836b0e/WhatsApp%20Image%202020-07-29%20at%2012.41.22.jpeg,some
6506,30/07/2020,/rails/active_storage/blobs/eyJfcmFpbHMiOnsibWVzc2FnZSI6IkJBaHBBa1laIiwiZXhwIjpudWxsLCJwdXIiOiJibG9iX2lkIn19--8009fdf0c7265e693c16baa5db0f28f732487047/WhatsApp%20Image%202020-07-30%20at%2019.02.42.jpeg,substantial
6510,01/08/2020,/rails/active_storage/blobs/eyJfcmFpbHMiOnsibWVzc2FnZSI6IkJBaHBBa29aIiwiZXhwIjpudWxsLCJwdXIiOiJibG9iX2lkIn19--cc278366e66af6e4b00abf012fccf4400d485c4c/WhatsApp%20Image%202020-08-01%20at%2011.45.23.jpeg,some
6511,01/08/2020,/rails/active_storage/blobs/eyJfcmFpbHMiOnsibWVzc2FnZSI6IkJBaHBBa3NaIiwiZXhwIjpudWxsLCJwdXIiOiJibG9iX2lkIn19--ec10fd287fe7c9dc506536a0c178a41547539b22/WhatsApp%20Image%202020-08-01%20at%2011.45.23%20(1).jpeg,some
6517,01/08/2020,/rails/active_storage/blobs/eyJfcmFpbHMiOnsibWVzc2FnZSI6IkJBaHBBbEVaIiwiZXhwIjpudWxsLCJwdXIiOiJibG9iX2lkIn19--0290f222d7384f641f541929e22f13b17d81ba75/WhatsApp%20Image%202020-08-01%20at%2014.21.42.jpeg,some
6522,01/08/2020,/rails/active_storage/blobs/eyJfcmFpbHMiOnsibWVzc2FnZSI6IkJBaHBBbFlaIiwiZXhwIjpudWxsLCJwdXIiOiJibG9iX2lkIn19--b3d06012a2016214057f1390f4b03237430623d5/WhatsApp%20Image%202020-08-01%20at%2019.25.52.jpeg,some
6524,01/08/2020,/rails/active_storage/blobs/eyJfcmFpbHMiOnsibWVzc2FnZSI6IkJBaHBBbGdaIiwiZXhwIjpudWxsLCJwdXIiOiJibG9iX2lkIn19--724e218851bf3c3b69163062045d5dc1012c4ba0/WhatsApp%20Image%202020-08-01%20at%2019.38.48.jpeg,some
6531,03/08/2020,/rails/active_storage/blobs/eyJfcmFpbHMiOnsibWVzc2FnZSI6IkJBaHBBbDhaIiwiZXhwIjpudWxsLCJwdXIiOiJibG9iX2lkIn19--606553b17a02594a35746661f00a5f7ff084e9fa/WhatsApp%20Image%202020-08-03%20at%2014.21.06.jpeg,some
6593,05/08/2020,/rails/active_storage/blobs/eyJfcmFpbHMiOnsibWVzc2FnZSI6IkJBaHBBcDBaIiwiZXhwIjpudWxsLCJwdXIiOiJibG9iX2lkIn19--e9c0bcb799c671822140a45957c8fafea4daaffc/WhatsApp%20Image%202020-08-05%20at%2009.47.37%20(1).jpeg,a lot
6594,05/08/2020,/rails/active_storage/blobs/eyJfcmFpbHMiOnsibWVzc2FnZSI6IkJBaHBBcDRaIiwiZXhwIjpudWxsLCJwdXIiOiJibG9iX2lkIn19--3e998e6960d46f1e4e2229c94e3e76e5300747fd/WhatsApp%20Image%202020-08-05%20at%2009.47.37.jpeg,substantial
6605,03/08/2020,/rails/active_storage/blobs/eyJfcmFpbHMiOnsibWVzc2FnZSI6IkJBaHBBcWtaIiwiZXhwIjpudWxsLCJwdXIiOiJibG9iX2lkIn19--161bdb22fa62cf4afe14876686d9a63a69232fa8/03-08-2020_i.jpg,some
6612,05/08/2020,/rails/active_storage/blobs/eyJfcmFpbHMiOnsibWVzc2FnZSI6IkJBaHBBckFaIiwiZXhwIjpudWxsLCJwdXIiOiJibG9iX2lkIn19--932c13caf40d2a22f37b4a9bb92738f28a3a5407/05-08-2020_i.jpg,substantial
6625,06/08/2020,/rails/active_storage/blobs/eyJfcmFpbHMiOnsibWVzc2FnZSI6IkJBaHBBcjBaIiwiZXhwIjpudWxsLCJwdXIiOiJibG9iX2lkIn19--c3504a8d4c703a61a475f784bd645b1640afaafc/WhatsApp%20Image%202020-08-06%20at%2012.35.39.jpeg,a lot
6635,09/08/2020,/rails/active_storage/blobs/eyJfcmFpbHMiOnsibWVzc2FnZSI6IkJBaHBBc2NaIiwiZXhwIjpudWxsLCJwdXIiOiJibG9iX2lkIn19--e30d4b8741ebfc6174e29d59d2ef029626cffaf1/09-08-2020_t.jpg,a lot
6638,10/08/2020,/rails/active_storage/blobs/eyJfcmFpbHMiOnsibWVzc2FnZSI6IkJBaHBBc29aIiwiZXhwIjpudWxsLCJwdXIiOiJibG9iX2lkIn19--e0150309def87d0e616c0a0be33ceb7c785d240c/10-08-2020_t.jpg,none
6665,06/08/2020,/rails/active_storage/blobs/eyJfcmFpbHMiOnsibWVzc2FnZSI6IkJBaHBBdVVaIiwiZXhwIjpudWxsLCJwdXIiOiJibG9iX2lkIn19--47f2e30099aed7633516250cde29b1bf29b58c9b/20200806_140438.jpg,a lot
6667,06/08/2020,/rails/active_storage/blobs/eyJfcmFpbHMiOnsibWVzc2FnZSI6IkJBaHBBdWNaIiwiZXhwIjpudWxsLCJwdXIiOiJibG9iX2lkIn19--0f3979762fbcdf146d562b57272e2efd8fb9be83/20200806_150912.jpg,a lot
6670,06/08/2020,/rails/active_storage/blobs/eyJfcmFpbHMiOnsibWVzc2FnZSI6IkJBaHBBdW9aIiwiZXhwIjpudWxsLCJwdXIiOiJibG9iX2lkIn19--d06b24dc7c870872dc6b67d4e4cf294259f4e354/image1%20(1).jpeg,a lot
6675,07/08/2020,/rails/active_storage/blobs/eyJfcmFpbHMiOnsibWVzc2FnZSI6IkJBaHBBdThaIiwiZXhwIjpudWxsLCJwdXIiOiJibG9iX2lkIn19--7612b96f04f4f6389466a9b2d0cd7e2d27ae69cd/DSC01420.JPG,some
6686,10/08/2020,/rails/active_storage/blobs/eyJfcmFpbHMiOnsibWVzc2FnZSI6IkJBaHBBdm9aIiwiZXhwIjpudWxsLCJwdXIiOiJibG9iX2lkIn19--80dded1a00660a481a45f40942db139df9041f72/IMG_0158.JPG,none
6687,11/08/2020,/rails/active_storage/blobs/eyJfcmFpbHMiOnsibWVzc2FnZSI6IkJBaHBBdnNaIiwiZXhwIjpudWxsLCJwdXIiOiJibG9iX2lkIn19--19867e11d3337a2ad627efa5b945f19fd787842b/20200811_142127.jpg,none
6689,12/08/2020,/rails/active_storage/blobs/eyJfcmFpbHMiOnsibWVzc2FnZSI6IkJBaHBBdjBaIiwiZXhwIjpudWxsLCJwdXIiOiJibG9iX2lkIn19--b26def8547aef1ac4ce401ba36f442e659be7cb7/IMG_8450.jpeg,some
6690,13/08/2020,/rails/active_storage/blobs/eyJfcmFpbHMiOnsibWVzc2FnZSI6IkJBaHBBdjRaIiwiZXhwIjpudWxsLCJwdXIiOiJibG9iX2lkIn19--fe0e469b909295c10c5333fa07cef7b7859b1e11/20200813_140851(1).jpg,none
6710,07/08/2020,/rails/active_storage/blobs/eyJfcmFpbHMiOnsibWVzc2FnZSI6IkJBaHBBaElhIiwiZXhwIjpudWxsLCJwdXIiOiJibG9iX2lkIn19--8b57f696b32b9bd16295b52c823370ad2355b644/WhatsApp%20Image%202020-08-07%20at%2014.26.11.jpeg,some
6725,09/08/2020,/rails/active_storage/blobs/eyJfcmFpbHMiOnsibWVzc2FnZSI6IkJBaHBBaUVhIiwiZXhwIjpudWxsLCJwdXIiOiJibG9iX2lkIn19--7667e11dad4b600668c4873194760bcf58f18331/WhatsApp%20Image%202020-08-09%20at%2013.03.53.jpeg,none
6771,11/08/2020,/rails/active_storage/blobs/eyJfcmFpbHMiOnsibWVzc2FnZSI6IkJBaHBBazhhIiwiZXhwIjpudWxsLCJwdXIiOiJibG9iX2lkIn19--3f7ce8f2c4c5f73ffa8cb5be6e37765f8f40060a/WhatsApp%20Image%202020-08-11%20at%2015.38.02%20(1).jpeg,none
6779,12/08/2020,/rails/active_storage/blobs/eyJfcmFpbHMiOnsibWVzc2FnZSI6IkJBaHBBbGNhIiwiZXhwIjpudWxsLCJwdXIiOiJibG9iX2lkIn19--bd7b1bec463680b5292fbaabc7d54eed3506a2bb/WhatsApp%20Image%202020-08-12%20at%2011.33.16.jpeg,some
6916,13/08/2020,/rails/active_storage/blobs/eyJfcmFpbHMiOnsibWVzc2FnZSI6IkJBaHBBdUlhIiwiZXhwIjpudWxsLCJwdXIiOiJibG9iX2lkIn19--8db3fd8b0874855e511ee1003ec72fa831e831e0/WhatsApp%20Image%202020-08-13%20at%2013.03.57.jpeg,
6917,13/08/2020,/rails/active_storage/blobs/eyJfcmFpbHMiOnsibWVzc2FnZSI6IkJBaHBBdU1hIiwiZXhwIjpudWxsLCJwdXIiOiJibG9iX2lkIn19--9ef7012f53e0d6428b5444759c4582c436d1f320/WhatsApp%20Image%202020-08-13%20at%2014.11.04.jpeg,none
6920,15/08/2020,/rails/active_storage/blobs/eyJfcmFpbHMiOnsibWVzc2FnZSI6IkJBaHBBdVlhIiwiZXhwIjpudWxsLCJwdXIiOiJibG9iX2lkIn19--d90ac44921f8ed9939bdd26760cf5e93d67297b5/WhatsApp%20Image%202020-08-15%20at%2013.42.47%20(1).jpeg,none
6922,14/08/2020,/rails/active_storage/blobs/eyJfcmFpbHMiOnsibWVzc2FnZSI6IkJBaHBBdWdhIiwiZXhwIjpudWxsLCJwdXIiOiJibG9iX2lkIn19--098a00e363ff4b3561a54b773414e6008b0cfb3b/WhatsApp%20Image%202020-08-15%20at%2020.29.28.jpeg,none
6924,15/08/2020,/rails/active_storage/blobs/eyJfcmFpbHMiOnsibWVzc2FnZSI6IkJBaHBBdW9hIiwiZXhwIjpudWxsLCJwdXIiOiJibG9iX2lkIn19--d9effbadb67f3714e9a4929760bf397c0ae82801/WhatsApp%20Image%202020-08-15%20at%2020.34.36.jpeg,none
6925,16/07/2020,/rails/active_storage/blobs/eyJfcmFpbHMiOnsibWVzc2FnZSI6IkJBaHBBdXNhIiwiZXhwIjpudWxsLCJwdXIiOiJibG9iX2lkIn19--1265760e42de73a61f903feac8b1e3f38adab04a/WhatsApp%20Image%202020-08-16%20at%2010.20.34.jpeg,none
6927,16/07/2020,/rails/active_storage/blobs/eyJfcmFpbHMiOnsibWVzc2FnZSI6IkJBaHBBdTBhIiwiZXhwIjpudWxsLCJwdXIiOiJibG9iX2lkIn19--11f0a2cab30f55004a7877d783826bbe10d16a91/WhatsApp%20Image%202020-08-16%20at%2011.25.34.jpeg,none
6934,16/08/2020,/rails/active_storage/blobs/eyJfcmFpbHMiOnsibWVzc2FnZSI6IkJBaHBBdlFhIiwiZXhwIjpudWxsLCJwdXIiOiJibG9iX2lkIn19--e61d5bf46b6927c977bbb6262426d7a22fc1160f/WhatsApp%20Image%202020-08-16%20at%2012.10.02.jpeg,none
6935,16/08/2020,/rails/active_storage/blobs/eyJfcmFpbHMiOnsibWVzc2FnZSI6IkJBaHBBdlVhIiwiZXhwIjpudWxsLCJwdXIiOiJibG9iX2lkIn19--ee3a4fd6110bbd5273c6c9ce2de053876b7be401/WhatsApp%20Image%202020-08-16%20at%2016.06.44.jpeg,none
6938,16/08/2020,/rails/active_storage/blobs/eyJfcmFpbHMiOnsibWVzc2FnZSI6IkJBaHBBdmdhIiwiZXhwIjpudWxsLCJwdXIiOiJibG9iX2lkIn19--b543242d932dcf3279b19d720ca9f154e61e9a97/WhatsApp%20Image%202020-08-16%20at%2018.10.12.jpeg,none
6939,16/08/2020,/rails/active_storage/blobs/eyJfcmFpbHMiOnsibWVzc2FnZSI6IkJBaHBBdmthIiwiZXhwIjpudWxsLCJwdXIiOiJibG9iX2lkIn19--71a3418bbe0c60ed8f3d444ea09ac7186e16f22a/16-08-2020_i.jpg,none
6940,15/08/2020,/rails/active_storage/blobs/eyJfcmFpbHMiOnsibWVzc2FnZSI6IkJBaHBBdm9hIiwiZXhwIjpudWxsLCJwdXIiOiJibG9iX2lkIn19--dd93db8af7b4b963bd68ff42e36c4c959a334207/15-08-2020_i.jpg,none
6945,15/08/2020,/rails/active_storage/blobs/eyJfcmFpbHMiOnsibWVzc2FnZSI6IkJBaHBBdjhhIiwiZXhwIjpudWxsLCJwdXIiOiJibG9iX2lkIn19--2c1daf40deb76691bced4f2fa499568ff7fca98c/15-08-2020_i.jpg,none
6949,20/08/2020,/rails/active_storage/blobs/eyJfcmFpbHMiOnsibWVzc2FnZSI6IkJBaHBBZ01iIiwiZXhwIjpudWxsLCJwdXIiOiJibG9iX2lkIn19--6f6689ec14d70bbc3eaca751fba5e9ac088e143b/20-08-2020_t.jpg,none
6950,17/08/2020,/rails/active_storage/blobs/eyJfcmFpbHMiOnsibWVzc2FnZSI6IkJBaHBBZ1FiIiwiZXhwIjpudWxsLCJwdXIiOiJibG9iX2lkIn19--47d97834e625b688fba34cd97c8fe54da4a39fcc/IMG_20200817_113759.jpg,none
6954,11/08/2020,/rails/active_storage/blobs/eyJfcmFpbHMiOnsibWVzc2FnZSI6IkJBaHBBZ2diIiwiZXhwIjpudWxsLCJwdXIiOiJibG9iX2lkIn19--ed3423a01b1f731e8e93a51fe60cc02d9495fd41/IMG_20200811_182408.jpg,none
6955,18/08/2020,/rails/active_storage/blobs/eyJfcmFpbHMiOnsibWVzc2FnZSI6IkJBaHBBZ2tiIiwiZXhwIjpudWxsLCJwdXIiOiJibG9iX2lkIn19--f49366ad27fdce40d71bf89507b161cbdfdb5685/DSC_0458.JPG,none
6959,20/08/2020,/rails/active_storage/blobs/eyJfcmFpbHMiOnsibWVzc2FnZSI6IkJBaHBBZzBiIiwiZXhwIjpudWxsLCJwdXIiOiJibG9iX2lkIn19--6dfdd8fd049caabdd48ce58a4d2f7ebff334fd5d/IMG_20200820_165554.jpg,none
6986,19/08/2020,/rails/active_storage/blobs/eyJfcmFpbHMiOnsibWVzc2FnZSI6IkJBaHBBaWdiIiwiZXhwIjpudWxsLCJwdXIiOiJibG9iX2lkIn19--06fa220cde198f6e86a697c1dcfe86fbbd333790/WhatsApp%20Image%202020-08-19%20at%2012.32.02%20(1).jpeg,none
6992,20/08/2020,/rails/active_storage/blobs/eyJfcmFpbHMiOnsibWVzc2FnZSI6IkJBaHBBaTRiIiwiZXhwIjpudWxsLCJwdXIiOiJibG9iX2lkIn19--d538e631b81cb413259483d85c71847151738821/WhatsApp%20Image%202020-08-20%20at%2016.43.59.jpeg,none
6996,21/08/2020,/rails/active_storage/blobs/eyJfcmFpbHMiOnsibWVzc2FnZSI6IkJBaHBBakliIiwiZXhwIjpudWxsLCJwdXIiOiJibG9iX2lkIn19--fdb1eab27a58158f77adbc4b84508d56456f187a/WhatsApp%20Image%202020-08-21%20at%2015.35.45.jpeg,some
6997,22/08/2020,/rails/active_storage/blobs/eyJfcmFpbHMiOnsibWVzc2FnZSI6IkJBaHBBak1iIiwiZXhwIjpudWxsLCJwdXIiOiJibG9iX2lkIn19--169c723e680ec6933fc88584edd505f1c89a8443/WhatsApp%20Image%202020-08-22%20at%2010.06.28.jpeg,a lot
6999,22/08/2020,/rails/active_storage/blobs/eyJfcmFpbHMiOnsibWVzc2FnZSI6IkJBaHBBalViIiwiZXhwIjpudWxsLCJwdXIiOiJibG9iX2lkIn19--f89c817e93bb6eac243a695f9e0c0562d6b3b8ea/WhatsApp%20Image%202020-08-22%20at%2010.06.48.jpeg,a lot
7002,22/08/2020,/rails/active_storage/blobs/eyJfcmFpbHMiOnsibWVzc2FnZSI6IkJBaHBBamdiIiwiZXhwIjpudWxsLCJwdXIiOiJibG9iX2lkIn19--63d7b4f5e15d993ca4e6291cd66daa8febc12fb0/WhatsApp%20Image%202020-08-22%20at%2016.02.14%20(1).jpeg,a lot
7020,18/08/2020,/rails/active_storage/blobs/eyJfcmFpbHMiOnsibWVzc2FnZSI6IkJBaHBBa29iIiwiZXhwIjpudWxsLCJwdXIiOiJibG9iX2lkIn19--c3d853e894857b6118c1b080bf983bc0a2a35ea7/18-08-2020_i.jpg,none
7065,31/08/2020,/rails/active_storage/blobs/eyJfcmFpbHMiOnsibWVzc2FnZSI6IkJBaHBBbmNiIiwiZXhwIjpudWxsLCJwdXIiOiJibG9iX2lkIn19--14518954158c92b450b26788aa7db9943e2de1f4/31-08-2020_t.jpg,none
7072,29/08/2020,/rails/active_storage/blobs/eyJfcmFpbHMiOnsibWVzc2FnZSI6IkJBaHBBbjRiIiwiZXhwIjpudWxsLCJwdXIiOiJibG9iX2lkIn19--e8805028539ebdd80202f96e3cb6728eb665e372/29-08-2020_i.jpg,some
7081,28/08/2020,/rails/active_storage/blobs/eyJfcmFpbHMiOnsibWVzc2FnZSI6IkJBaHBBb2NiIiwiZXhwIjpudWxsLCJwdXIiOiJibG9iX2lkIn19--472f137eace8286291c8298d2f9c170b786e074f/28-08-2020_i.jpg,substantial
7092,26/08/2020,/rails/active_storage/blobs/eyJfcmFpbHMiOnsibWVzc2FnZSI6IkJBaHBBcEliIiwiZXhwIjpudWxsLCJwdXIiOiJibG9iX2lkIn19--122f2a2244380197f27a5664240ef5cb2dfd2849/IMG_20200826_163853580_HDR.jpg,substantial
7093,27/08/2020,/rails/active_storage/blobs/eyJfcmFpbHMiOnsibWVzc2FnZSI6IkJBaHBBcE1iIiwiZXhwIjpudWxsLCJwdXIiOiJibG9iX2lkIn19--4baa8cee277b35ffc6c0aa1fb434044d9747323c/IMG_20200827_133905.jpg,substantial
7094,27/08/2020,/rails/active_storage/blobs/eyJfcmFpbHMiOnsibWVzc2FnZSI6IkJBaHBBcFFiIiwiZXhwIjpudWxsLCJwdXIiOiJibG9iX2lkIn19--a871edfdb584b2d8c32d9cee46fb4e001aa89779/IMG_20200827_133740.jpg,substantial
7095,27/08/2020,/rails/active_storage/blobs/eyJfcmFpbHMiOnsibWVzc2FnZSI6IkJBaHBBcFViIiwiZXhwIjpudWxsLCJwdXIiOiJibG9iX2lkIn19--14c9e7b1ec588abb31a8b8e21fab490442c020dc/IMG_0972.JPG,substantial
7097,28/08/2020,/rails/active_storage/blobs/eyJfcmFpbHMiOnsibWVzc2FnZSI6IkJBaHBBcGNiIiwiZXhwIjpudWxsLCJwdXIiOiJibG9iX2lkIn19--6cd184e903585a4bd2c853d2c068e0cc8c3332ca/image0%20(2).jpeg,substantial
7143,27/08/2020,/rails/active_storage/blobs/eyJfcmFpbHMiOnsibWVzc2FnZSI6IkJBaHBBc1ViIiwiZXhwIjpudWxsLCJwdXIiOiJibG9iX2lkIn19--9cb6dd33eb5eb1e84bcc4f120efb5a6e586c911c/WhatsApp%20Image%202020-08-27%20at%2012.22.32.jpeg,substantial
7144,27/08/2020,/rails/active_storage/blobs/eyJfcmFpbHMiOnsibWVzc2FnZSI6IkJBaHBBc1liIiwiZXhwIjpudWxsLCJwdXIiOiJibG9iX2lkIn19--337b86455b66fe9f91c41fe417c40f5333fc862a/WhatsApp%20Image%202020-08-27%20at%2012.41.36.jpeg,substantial
7145,27/08/2020,/rails/active_storage/blobs/eyJfcmFpbHMiOnsibWVzc2FnZSI6IkJBaHBBc2NiIiwiZXhwIjpudWxsLCJwdXIiOiJibG9iX2lkIn19--4b085cace4e491a7dee7a1ac509356ebcaeed642/WhatsApp%20Image%202020-08-27%20at%2017.24.58.jpeg,substantial
7149,31/08/2020,/rails/active_storage/blobs/eyJfcmFpbHMiOnsibWVzc2FnZSI6IkJBaHBBc3NiIiwiZXhwIjpudWxsLCJwdXIiOiJibG9iX2lkIn19--44f5386aa0f9e4d30c7b51a86870645efc208d3c/WhatsApp%20Image%202020-08-31%20at%2013.01.46.jpeg,some
7162,01/09/2020,/rails/active_storage/blobs/eyJfcmFpbHMiOnsibWVzc2FnZSI6IkJBaHBBdGdiIiwiZXhwIjpudWxsLCJwdXIiOiJibG9iX2lkIn19--6a96bd5a2ff35d9d2229275e538dceeebc18db40/01-09-2020_t.jpg,some
7170,04/09/2020,/rails/active_storage/blobs/eyJfcmFpbHMiOnsibWVzc2FnZSI6IkJBaHBBdUFiIiwiZXhwIjpudWxsLCJwdXIiOiJibG9iX2lkIn19--21eea2bb3b5f3577191cc64ff6c8f0d9a92b5963/04-09-2020_t.jpg,a lot
7173,08/09/2020,/rails/active_storage/blobs/eyJfcmFpbHMiOnsibWVzc2FnZSI6IkJBaHBBdU1iIiwiZXhwIjpudWxsLCJwdXIiOiJibG9iX2lkIn19--e27a3da6dae8ef160f506042273135321ba0391b/08-09-2020_t.jpg,substantial
7174,08/09/2020,/rails/active_storage/blobs/eyJfcmFpbHMiOnsibWVzc2FnZSI6IkJBaHBBdVFiIiwiZXhwIjpudWxsLCJwdXIiOiJibG9iX2lkIn19--f67aef1150f4bcdf63c9aa8e76dda2b3f8446cd1/08-09-2020_t.jpg,substantial
7177,05/09/2020,/rails/active_storage/blobs/eyJfcmFpbHMiOnsibWVzc2FnZSI6IkJBaHBBdWNiIiwiZXhwIjpudWxsLCJwdXIiOiJibG9iX2lkIn19--ee2556600567366abddb4e49e3786b2a35bc8d49/05-09-2020_i.jpg,a lot
7180,07/09/2020,/rails/active_storage/blobs/eyJfcmFpbHMiOnsibWVzc2FnZSI6IkJBaHBBdW9iIiwiZXhwIjpudWxsLCJwdXIiOiJibG9iX2lkIn19--c42de24dcf043bc10da465771a1b2dc0ca0145c4/07-09-2020_i.jpg,some
7208,02/09/2020,/rails/active_storage/blobs/eyJfcmFpbHMiOnsibWVzc2FnZSI6IkJBaHBBZ1ljIiwiZXhwIjpudWxsLCJwdXIiOiJibG9iX2lkIn19--ace72c38118480a8fc220372f0f4cd74054ec7e9/02-09-2020_w.jpg,extensive
7219,05/09/2020,/rails/active_storage/blobs/eyJfcmFpbHMiOnsibWVzc2FnZSI6IkJBaHBBaEVjIiwiZXhwIjpudWxsLCJwdXIiOiJibG9iX2lkIn19--12ce33c51a705d235e157af0ee97e36b0f19d1c9/05-09-2020_w.jpg,some
7220,04/09/2020,/rails/active_storage/blobs/eyJfcmFpbHMiOnsibWVzc2FnZSI6IkJBaHBBaEljIiwiZXhwIjpudWxsLCJwdXIiOiJibG9iX2lkIn19--2dcf5a0dd28717517751210d051d76612dcb1fac/04-09-2020_w.jpg,some
7222,07/09/2020,/rails/active_storage/blobs/eyJfcmFpbHMiOnsibWVzc2FnZSI6IkJBaHBBaFFjIiwiZXhwIjpudWxsLCJwdXIiOiJibG9iX2lkIn19--82934ca43af2ca51e6f4c4abd68a04973dda8ae1/07-09-2020_w.jpg,
7229,08/09/2020,/rails/active_storage/blobs/eyJfcmFpbHMiOnsibWVzc2FnZSI6IkJBaHBBaHNjIiwiZXhwIjpudWxsLCJwdXIiOiJibG9iX2lkIn19--10de4b469ce63fe7d928c006d452b48b30ea716e/08-09-2020_w.jpg,substantial
7230,10/09/2020,/rails/active_storage/blobs/eyJfcmFpbHMiOnsibWVzc2FnZSI6IkJBaHBBaHdjIiwiZXhwIjpudWxsLCJwdXIiOiJibG9iX2lkIn19--8df13fd2f900ce5b1833b5c1fc154f464e00bf52/10-09-2020_w.jpg,a lot
7231,10/09/2020,/rails/active_storage/blobs/eyJfcmFpbHMiOnsibWVzc2FnZSI6IkJBaHBBaDBjIiwiZXhwIjpudWxsLCJwdXIiOiJibG9iX2lkIn19--189dbb32f81b1b9878d59bdab897e96492807c11/10-09-2020_w.jpg,a lot
7232,10/09/2020,/rails/active_storage/blobs/eyJfcmFpbHMiOnsibWVzc2FnZSI6IkJBaHBBaDRjIiwiZXhwIjpudWxsLCJwdXIiOiJibG9iX2lkIn19--93e9bbc5eff2ec839e26988d95467a4649c0749d/10-09-2020_w.jpg,substantial
7233,10/09/2020,/rails/active_storage/blobs/eyJfcmFpbHMiOnsibWVzc2FnZSI6IkJBaHBBaDhjIiwiZXhwIjpudWxsLCJwdXIiOiJibG9iX2lkIn19--fd67f0d009288076e21cff8bb4b6b342e1ffb919/10-09-2020_w.jpg,a lot
7306,11/09/2020,/rails/active_storage/blobs/eyJfcmFpbHMiOnsibWVzc2FnZSI6IkJBaHBBbWdjIiwiZXhwIjpudWxsLCJwdXIiOiJibG9iX2lkIn19--cdf518c98d0b9287c91716fb92527efe94635686/11-09-2020_w.jpg,some
7310,11/09/2020,/rails/active_storage/blobs/eyJfcmFpbHMiOnsibWVzc2FnZSI6IkJBaHBBbXdjIiwiZXhwIjpudWxsLCJwdXIiOiJibG9iX2lkIn19--91bee91271321e369a89e8e8972142f249f49998/11-09-2020_w.jpg,some
7325,05/09/2020,/rails/active_storage/blobs/eyJfcmFpbHMiOnsibWVzc2FnZSI6IkJBaHBBbnNjIiwiZXhwIjpudWxsLCJwdXIiOiJibG9iX2lkIn19--b53d687cdebe429ad8bbbc654ae6fa5cbc7a367c/05-09-2020_e.jpg,some
7341,07/09/2020,/rails/active_storage/blobs/eyJfcmFpbHMiOnsibWVzc2FnZSI6IkJBaHBBb3NjIiwiZXhwIjpudWxsLCJwdXIiOiJibG9iX2lkIn19--338a4ba33fd1edca891bb7c3b215e54afdaa5061/07-09-2020_e.jpg,extensive
7344,08/09/2020,/rails/active_storage/blobs/eyJfcmFpbHMiOnsibWVzc2FnZSI6IkJBaHBBbzRjIiwiZXhwIjpudWxsLCJwdXIiOiJibG9iX2lkIn19--b3e3eb1cdc57bd0ce6f88f7afb8cb26631757d58/08-09-2020_e.jpg,a lot
7350,10/09/2020,/rails/active_storage/blobs/eyJfcmFpbHMiOnsibWVzc2FnZSI6IkJBaHBBcFFjIiwiZXhwIjpudWxsLCJwdXIiOiJibG9iX2lkIn19--1e19540b3106702bc10b831c96f193c91af02fde/10-09-2020_e.jpg,a lot
7353,10/09/2020,/rails/active_storage/blobs/eyJfcmFpbHMiOnsibWVzc2FnZSI6IkJBaHBBcGNjIiwiZXhwIjpudWxsLCJwdXIiOiJibG9iX2lkIn19--f8040e576a2744c8691db2bb9ada578574f60715/10-09-2020_e.jpg,a lot
7364,13/09/2020,/rails/active_storage/blobs/eyJfcmFpbHMiOnsibWVzc2FnZSI6IkJBaHBBcUljIiwiZXhwIjpudWxsLCJwdXIiOiJibG9iX2lkIn19--b2232521fb6deed5c05feac6f7c08b288ba4af30/13-09-2020_t.jpg,substantial
7365,12/09/2020,/rails/active_storage/blobs/eyJfcmFpbHMiOnsibWVzc2FnZSI6IkJBaHBBcU1jIiwiZXhwIjpudWxsLCJwdXIiOiJibG9iX2lkIn19--9df0b22012eaedb1d42087a21a963eb349476d52/12-09-2020_t.jpg,
7409,13/09/2020,/rails/active_storage/blobs/eyJfcmFpbHMiOnsibWVzc2FnZSI6IkJBaHBBczhjIiwiZXhwIjpudWxsLCJwdXIiOiJibG9iX2lkIn19--f29bf1ec1577b8aa5fe2aafbf5a343816bba406b/13-09-2020_w.jpg,substantial
7411,15/09/2020,/rails/active_storage/blobs/eyJfcmFpbHMiOnsibWVzc2FnZSI6IkJBaHBBdEVjIiwiZXhwIjpudWxsLCJwdXIiOiJibG9iX2lkIn19--7588565b1b1de6edb7d49062520f0071a9d5d031/15-09-2020_w.jpg,a lot
7415,16/09/2020,/rails/active_storage/blobs/eyJfcmFpbHMiOnsibWVzc2FnZSI6IkJBaHBBdFVjIiwiZXhwIjpudWxsLCJwdXIiOiJibG9iX2lkIn19--3845571e35a3f3af579997add28674930af8acfb/16-09-2020_w.jpg,a lot
7419,18/09/2020,/rails/active_storage/blobs/eyJfcmFpbHMiOnsibWVzc2FnZSI6IkJBaHBBdGtjIiwiZXhwIjpudWxsLCJwdXIiOiJibG9iX2lkIn19--7111833c906690a95183f9fb51975f675cafdbc3/18-09-2020_w.jpg,substantial
7420,19/09/2020,/rails/active_storage/blobs/eyJfcmFpbHMiOnsibWVzc2FnZSI6IkJBaHBBdG9jIiwiZXhwIjpudWxsLCJwdXIiOiJibG9iX2lkIn19--2e35600c23b4ddb9bb4f32653bacef00a3a8a416/19-09-2020_w.jpg,
7422,21/09/2020,/rails/active_storage/blobs/eyJfcmFpbHMiOnsibWVzc2FnZSI6IkJBaHBBdHdjIiwiZXhwIjpudWxsLCJwdXIiOiJibG9iX2lkIn19--9e95ab0b9125641856d1d5f3652f12c2b366c960/21-09-2020_w.jpg,
7459,10/09/2020,/rails/active_storage/blobs/eyJfcmFpbHMiOnsibWVzc2FnZSI6IkJBaHBBZ0VkIiwiZXhwIjpudWxsLCJwdXIiOiJibG9iX2lkIn19--2849069bc416aa26aeb41eb2c28da34c7cd75b4f/10-09-2020_i.jpg,a lot
7511,17/09/2020,/rails/active_storage/blobs/eyJfcmFpbHMiOnsibWVzc2FnZSI6IkJBaHBBalVkIiwiZXhwIjpudWxsLCJwdXIiOiJibG9iX2lkIn19--57eefdd926710c67523d3733192fc836ebdef132/17-09-2020_i.jpg,
7518,17/09/2020,/rails/active_storage/blobs/eyJfcmFpbHMiOnsibWVzc2FnZSI6IkJBaHBBandkIiwiZXhwIjpudWxsLCJwdXIiOiJibG9iX2lkIn19--bbbce4cf89e85d5481dafb191751f934d890b627/17-09-2020_t.jpg,some
7526,26/09/2020,/rails/active_storage/blobs/eyJfcmFpbHMiOnsibWVzc2FnZSI6IkJBaHBBa1FkIiwiZXhwIjpudWxsLCJwdXIiOiJibG9iX2lkIn19--d4448f16dc66b9f4085277fd8bf122c302117a48/26-09-2020_t.jpg,
7536,27/09/2020,/rails/active_storage/blobs/eyJfcmFpbHMiOnsibWVzc2FnZSI6IkJBaHBBazRkIiwiZXhwIjpudWxsLCJwdXIiOiJibG9iX2lkIn19--5a4213b5b888ac5df0413b2977a9b4df6f87bb2f/27-09-2020_w.jpg,
7545,27/09/2020,/rails/active_storage/blobs/eyJfcmFpbHMiOnsibWVzc2FnZSI6IkJBaHBBbGNkIiwiZXhwIjpudWxsLCJwdXIiOiJibG9iX2lkIn19--ec6da82d02e0c8c957020dcb4925faf070236bd7/27-09-2020_w.jpg,
7547,28/09/2020,/rails/active_storage/blobs/eyJfcmFpbHMiOnsibWVzc2FnZSI6IkJBaHBBbGtkIiwiZXhwIjpudWxsLCJwdXIiOiJibG9iX2lkIn19--d4c754ba7be775f80bb78cc62afec9a79d59c991/28-09-2020_w.jpg,
7548,28/09/2020,/rails/active_storage/blobs/eyJfcmFpbHMiOnsibWVzc2FnZSI6IkJBaHBBbG9kIiwiZXhwIjpudWxsLCJwdXIiOiJibG9iX2lkIn19--99634cef157baedcffe68c64aa0fe316343d6cf8/28-09-2020_w.jpg,
7549,28/09/2020,/rails/active_storage/blobs/eyJfcmFpbHMiOnsibWVzc2FnZSI6IkJBaHBBbHNkIiwiZXhwIjpudWxsLCJwdXIiOiJibG9iX2lkIn19--845f32ebb6d45855d5471cf11dfbf4104bb75309/28-09-2020_w.jpg,
7553,30/09/2020,/rails/active_storage/blobs/eyJfcmFpbHMiOnsibWVzc2FnZSI6IkJBaHBBbDhkIiwiZXhwIjpudWxsLCJwdXIiOiJibG9iX2lkIn19--0e3ee0df7429a7e4f33ebcd2fe8e31b2aff3135f/30-09-2020_w.jpg,
7556,01/10/2020,/rails/active_storage/blobs/eyJfcmFpbHMiOnsibWVzc2FnZSI6IkJBaHBBbUlkIiwiZXhwIjpudWxsLCJwdXIiOiJibG9iX2lkIn19--f53c62fa4e98722fcc73f74587ec455c7c978631/01-10-2020_w.jpg,
7557,01/10/2020,/rails/active_storage/blobs/eyJfcmFpbHMiOnsibWVzc2FnZSI6IkJBaHBBbU1kIiwiZXhwIjpudWxsLCJwdXIiOiJibG9iX2lkIn19--bd8aab83496d83dd12b952a0b278fe43498aa9d8/01-10-2020_w.jpg,
7562,04/10/2020,/rails/active_storage/blobs/eyJfcmFpbHMiOnsibWVzc2FnZSI6IkJBaHBBbWdkIiwiZXhwIjpudWxsLCJwdXIiOiJibG9iX2lkIn19--3805896ae73a949cf45f62bddc0975cda1dbaad6/04-10-2020_w.jpg,
7564,05/10/2020,/rails/active_storage/blobs/eyJfcmFpbHMiOnsibWVzc2FnZSI6IkJBaHBBbW9kIiwiZXhwIjpudWxsLCJwdXIiOiJibG9iX2lkIn19--67972670eb57ed9b18921ea7634199b5ee2682a8/05-10-2020_w.jpg,
7567,05/10/2020,/rails/active_storage/blobs/eyJfcmFpbHMiOnsibWVzc2FnZSI6IkJBaHBBbTBkIiwiZXhwIjpudWxsLCJwdXIiOiJibG9iX2lkIn19--9993234574d2df72c8fc7296b7245e3b56d8d0b9/05-10-2020_w.jpg,
7569,07/10/2020,/rails/active_storage/blobs/eyJfcmFpbHMiOnsibWVzc2FnZSI6IkJBaHBBbThkIiwiZXhwIjpudWxsLCJwdXIiOiJibG9iX2lkIn19--f292b8f26acc629f70ec964b307fab106ebf8b32/07-10-2020_w.jpg,
7573,07/10/2020,/rails/active_storage/blobs/eyJfcmFpbHMiOnsibWVzc2FnZSI6IkJBaHBBbk1kIiwiZXhwIjpudWxsLCJwdXIiOiJibG9iX2lkIn19--5fe710a1f9004f0f201f28e98b505eeab59e23f0/07-10-2020_w.jpg,
7575,07/10/2020,/rails/active_storage/blobs/eyJfcmFpbHMiOnsibWVzc2FnZSI6IkJBaHBBblVkIiwiZXhwIjpudWxsLCJwdXIiOiJibG9iX2lkIn19--9ea7cadfd0965717fc6230955197b54b59231ac8/07-10-2020_w.jpg,
7577,07/10/2020,/rails/active_storage/blobs/eyJfcmFpbHMiOnsibWVzc2FnZSI6IkJBaHBBbmNkIiwiZXhwIjpudWxsLCJwdXIiOiJibG9iX2lkIn19--ce49a76054eca83eda2410c669701f6380fe9ce9/07-10-2020_w.jpg,
7583,08/10/2020,/rails/active_storage/blobs/eyJfcmFpbHMiOnsibWVzc2FnZSI6IkJBaHBBbjBkIiwiZXhwIjpudWxsLCJwdXIiOiJibG9iX2lkIn19--202d16ba84d45b5ede4d47a0b006a04a5923151a/08-10-2020_w.jpg,
7585,08/10/2020,/rails/active_storage/blobs/eyJfcmFpbHMiOnsibWVzc2FnZSI6IkJBaHBBbjhkIiwiZXhwIjpudWxsLCJwdXIiOiJibG9iX2lkIn19--d0de35f69e3dcd65f1263f0568477f50870ca097/08-10-2020_w.jpg,
7586,09/10/2020,/rails/active_storage/blobs/eyJfcmFpbHMiOnsibWVzc2FnZSI6IkJBaHBBb0FkIiwiZXhwIjpudWxsLCJwdXIiOiJibG9iX2lkIn19--b880abed231961e7717dcdb95a60fb4b96fae52e/09-10-2020_w.jpg,
7595,11/10/2020,/rails/active_storage/blobs/eyJfcmFpbHMiOnsibWVzc2FnZSI6IkJBaHBBb2tkIiwiZXhwIjpudWxsLCJwdXIiOiJibG9iX2lkIn19--4b5cad83469926def7c3f9e0f34d0bdd7a91d72d/11-10-2020_w.jpg,
7597,12/10/2020,/rails/active_storage/blobs/eyJfcmFpbHMiOnsibWVzc2FnZSI6IkJBaHBBb3NkIiwiZXhwIjpudWxsLCJwdXIiOiJibG9iX2lkIn19--dc55220a4480e8e2e722e6a668276f1ff505d59f/12-10-2020_w.jpg,
7603,25/09/2020,/rails/active_storage/blobs/eyJfcmFpbHMiOnsibWVzc2FnZSI6IkJBaHBBcEVkIiwiZXhwIjpudWxsLCJwdXIiOiJibG9iX2lkIn19--9fdc91160817bd71239bc322ae6e52662571a5c2/25-09-2020_w.jpg,
7605,14/09/2020,/rails/active_storage/blobs/eyJfcmFpbHMiOnsibWVzc2FnZSI6IkJBaHBBcE1kIiwiZXhwIjpudWxsLCJwdXIiOiJibG9iX2lkIn19--326bad68eab0ab86e3f20d8ae4e79adbf573f2c7/14-09-2020_e.jpg,a lot
7606,08/09/2020,/rails/active_storage/blobs/eyJfcmFpbHMiOnsibWVzc2FnZSI6IkJBaHBBcFFkIiwiZXhwIjpudWxsLCJwdXIiOiJibG9iX2lkIn19--ec18e15874d97581062fdf1d04654061f303f3e5/08-09-2020_e.jpg,substantial
7615,18/09/2020,/rails/active_storage/blobs/eyJfcmFpbHMiOnsibWVzc2FnZSI6IkJBaHBBcDBkIiwiZXhwIjpudWxsLCJwdXIiOiJibG9iX2lkIn19--002c13c07f76ea3bf73b958fd0a965cfa5372809/18-09-2020_e.jpg,
7630,14/09/2020,/rails/active_storage/blobs/eyJfcmFpbHMiOnsibWVzc2FnZSI6IkJBaHBBcXdkIiwiZXhwIjpudWxsLCJwdXIiOiJibG9iX2lkIn19--04372702af51e9533d03c131d84ffe6083a5922b/14-09-2020_e.jpg,a lot
7653,24/09/2020,/rails/active_storage/blobs/eyJfcmFpbHMiOnsibWVzc2FnZSI6IkJBaHBBc01kIiwiZXhwIjpudWxsLCJwdXIiOiJibG9iX2lkIn19--feaead77a25834e95c78ff72ebac764c2b21c007/24-09-2020_e.jpg,
7654,25/09/2020,/rails/active_storage/blobs/eyJfcmFpbHMiOnsibWVzc2FnZSI6IkJBaHBBc1FkIiwiZXhwIjpudWxsLCJwdXIiOiJibG9iX2lkIn19--063423bcc8fb83faba541995aa97937094807a03/25-09-2020_e.jpg,
7656,25/09/2020,/rails/active_storage/blobs/eyJfcmFpbHMiOnsibWVzc2FnZSI6IkJBaHBBc1lkIiwiZXhwIjpudWxsLCJwdXIiOiJibG9iX2lkIn19--4415852f9d419f54dc4e26764f41ab0f6b2f8b6b/25-09-2020_e.jpg,
7658,25/09/2020,/rails/active_storage/blobs/eyJfcmFpbHMiOnsibWVzc2FnZSI6IkJBaHBBc2dkIiwiZXhwIjpudWxsLCJwdXIiOiJibG9iX2lkIn19--7451ff7eaee8f5de018532ccb176e26d9f5f918c/25-09-2020_e.jpg,
7661,26/09/2020,/rails/active_storage/blobs/eyJfcmFpbHMiOnsibWVzc2FnZSI6IkJBaHBBc3NkIiwiZXhwIjpudWxsLCJwdXIiOiJibG9iX2lkIn19--daeb46d1eb73dfe36759f64666173a1587d73d0e/26-09-2020_e.jpg,
7675,26/09/2020,/rails/active_storage/blobs/eyJfcmFpbHMiOnsibWVzc2FnZSI6IkJBaHBBdGtkIiwiZXhwIjpudWxsLCJwdXIiOiJibG9iX2lkIn19--af611baee792ec5e18a138c548628ad5b821dd20/26-09-2020_e.jpg,
7676,26/09/2020,/rails/active_storage/blobs/eyJfcmFpbHMiOnsibWVzc2FnZSI6IkJBaHBBdG9kIiwiZXhwIjpudWxsLCJwdXIiOiJibG9iX2lkIn19--984d18790241443d43a18d1f2fb7daf8b3508513/26-09-2020_e.jpg,
7680,28/09/2020,/rails/active_storage/blobs/eyJfcmFpbHMiOnsibWVzc2FnZSI6IkJBaHBBdDRkIiwiZXhwIjpudWxsLCJwdXIiOiJibG9iX2lkIn19--5c62def4d08567d4dfac367b2155f58effdafca3/28-09-2020_e.jpg,
7687,29/09/2020,/rails/active_storage/blobs/eyJfcmFpbHMiOnsibWVzc2FnZSI6IkJBaHBBdk1kIiwiZXhwIjpudWxsLCJwdXIiOiJibG9iX2lkIn19--97388566b18c7418bf0e62d57ec6407fd5b3522f/29-09-2020_e.jpg,
7691,30/09/2020,/rails/active_storage/blobs/eyJfcmFpbHMiOnsibWVzc2FnZSI6IkJBaHBBdmNkIiwiZXhwIjpudWxsLCJwdXIiOiJibG9iX2lkIn19--7c7c4b750b99aa81225d76d691acd04f4c2c18c6/30-09-2020_e.jpg,
7698,03/10/2020,/rails/active_storage/blobs/eyJfcmFpbHMiOnsibWVzc2FnZSI6IkJBaHBBdjRkIiwiZXhwIjpudWxsLCJwdXIiOiJibG9iX2lkIn19--830f09583ab440f252d59f9532fe9b6e35316e8f/03-10-2020_e.jpg,
7699,03/10/2020,/rails/active_storage/blobs/eyJfcmFpbHMiOnsibWVzc2FnZSI6IkJBaHBBdjhkIiwiZXhwIjpudWxsLCJwdXIiOiJibG9iX2lkIn19--42a4dd317f9a850aee3ee686dd4780ba9f7623a4/03-10-2020_e.jpg,
7706,09/10/2020,/rails/active_storage/blobs/eyJfcmFpbHMiOnsibWVzc2FnZSI6IkJBaHBBZ1llIiwiZXhwIjpudWxsLCJwdXIiOiJibG9iX2lkIn19--b6bd04cb752ff2c5d50e27149673b8c82eaff894/09-10-2020_e.jpg,
7707,08/10/2020,/rails/active_storage/blobs/eyJfcmFpbHMiOnsibWVzc2FnZSI6IkJBaHBBZ2NlIiwiZXhwIjpudWxsLCJwdXIiOiJibG9iX2lkIn19--51bd11d009c4c1e7e73d5945cc0f69925bd1ee8a/08-10-2020_e.jpg,
7709,11/10/2020,/rails/active_storage/blobs/eyJfcmFpbHMiOnsibWVzc2FnZSI6IkJBaHBBZ2tlIiwiZXhwIjpudWxsLCJwdXIiOiJibG9iX2lkIn19--72dc49fef92ee077c67ddf530ecf4d26a8a572fb/11-10-2020_e.jpg,